更新日時,検査実施人数,陽性患者数,入院,軽症無症状,中等症,重症,入院調整,施設入所,自宅療養,調整,退院,死亡,入院中,軽症中等症,転院,備考
2020/03/16 22:00,1297,123,,,,7,,0,,,11,14,97,90,1,
2020/03/25 22:00,2285,148,,,,8,,0,,,29,17,102,94,0,
2020/03/26 22:00,2406,154,,,,9,,0,,,36,18,100,91,0,
2020/03/27 22:00,2535,157,,,,8,,0,,,42,19,96,88,0,
2020/03/28 18:00,2661,164,,,,9,,0,,,51,19,94,85,0,
2020/03/29 22:00,2661,164,,,,9,,0,,,51,19,94,85,0,
2020/03/30 20:00,2854,170,,,,9,,0,,,63,19,88,79,0,
2020/03/31 21:00,3032,178,,,,9,,0,,,68,19,91,82,0,
2020/04/01 20:00,3032,178,,,,9,,0,,,71,19,93,84,0,
2020/04/02 21:00,3254,190,,,,8,,0,,,74,19,97,89,0,
2020/04/03 21:00,3254,202,,,,7,,0,,,77,19,106,99,0,検査実施人数については4月2日現在。
2020/04/04 22:00,3367,221,,,,7,,0,,,77,19,124,117,1,
2020/04/05 21:00,3418,228,,,,7,,0,,,77,20,130,123,1,
2020/04/06 22:00,3478,239,,,,7,,0,,,78,21,139,132,1,
2020/04/07 22:00,3650,260,,,,6,,0,,,86,21,151,145,2,
2020/04/08 22:00,3838,280,,,,6,,0,,,89,21,168,162,2,
2020/04/09 22:00,3990,301,,,,7,,6,,,94,21,178,171,2,
2020/04/10 22:00,3990,315,,,,6,,15,,,98,22,178,172,2,検査実施人数については4月9日現在。
2020/04/12 23:00,4372,324,,,,6,,18,,,95,24,185,179,2,
2020/04/13 21:00,4608,333,,,,5,,18,,,103,24,186,181,2,陽性者数については、中国人渡航者を除く。また、再感染については、含めない。
2020/04/14 21:00,4814,343,,,,5,,22,,,106,24,189,184,2,陽性者数については、中国人渡航者を除く。また、再感染については、含めない。
2020/04/15 21:00,5008,354,,,,4,,30,,,117,24,182,178,2,陽性者数については、中国人渡航者を除く。また、再感染については、含めない。
2020/04/16 20:00,5175,368,,,,5,,33,,,122,24,188,183,2,陽性者数については、中国人渡航者を除く。また、再感染については、含めない。
2020/04/17 21:00,5175,378,,,,5,,33,,,135,24,185,180,2,検査実施人数については4月16日現在。陽性者数については、中国人渡航者を除く。また、再感染については、含めない。
2020/04/18 22:00,5175,393,,,,5,,36,,,135,25,198,193,2,検査実施人数については4月16日現在。陽性者数については、中国人渡航者を除く。また、再感染については、含めない。
2020/04/19 20:00,5535,403,,,,5,,38,,,136,25,205,200,2,検査実施人数については、発表時点での把握数。陽性者数については、中国人渡航者を除く。また、再感染については、含めない。
2020/04/20 20:00,5724,408,,,,6,,36,,,146,27,196,190,3,検査実施人数については、発表時点での把握数。陽性者数については、中国人渡航者を除く。また、再感染については、含めない。
2020/04/21 20:00,5848,424,,,,6,,42,,,155,29,195,189,3,検査実施人数については、発表時点での把握数。陽性者数については、中国人渡航者を除く。また、再感染については、含めない。
2020/04/22 20:00,6033,443,,,,6,,39,,,168,29,204,198,3,検査実施人数については、発表時点での把握数。陽性者数については、中国人渡航者を除く。また、再感染については、含めない。
2020/04/23 20:00,6272,455,,,,6,,42,,,176,29,205,199,3,検査実施人数については、発表時点での把握数。陽性者数については、中国人渡航者を除く。また、再感染については、含めない。
2020/04/24 20:00,6488,469,,,,6,,38,,,189,30,209,203,3,検査実施人数については、発表時点での把握数。陽性者数については、中国人渡航者を除く。また、再感染については、含めない。
2020/04/25 19:00,6679,470,,,,6,,39,,,194,31,203,197,3,検査実施人数については、発表時点での把握数。陽性者数については、中国人渡航者を除く。また、再感染については、含めない。
2020/04/26 19:00,6717,471,,,,6,,36,,,203,31,198,192,3,検査実施人数については、発表時点での把握数。陽性者数については、中国人渡航者を除く。また、再感染については、含めない。
2020/04/27 19:00,6890,471,,,,6,,28,,,220,31,189,183,3,検査実施人数については、発表時点での把握数。陽性者数については、中国人渡航者を除く。また、再感染については、含めない。
2020/04/28 19:00,7027,476,,,,6,,22,,,245,31,175,169,3,検査実施人数については、発表時点での把握数。陽性者数については、中国人渡航者を除く。また、再感染については、含めない。
2020/04/29 19:00,7157,480,,,,8,,23,,,253,32,169,161,3,検査実施人数については、発表時点での把握数。陽性者数については、中国人渡航者を除く。また、再感染については、含めない。
2020/04/30 19:00,7327,481,,,,8,,24,,,258,33,163,155,3,検査実施人数については、発表時点での把握数。陽性者数については、中国人渡航者を除く。また、再感染については、含めない。
2020/05/01 18:00,7403,484,,,,8,,24,,,279,33,145,137,3,検査実施人数については、発表時点での把握数。陽性者数については、中国人渡航者を除く。また、再感染については、含めない。
2020/05/02 18:00,7463,484,,,,8,,22,,,289,34,136,128,3,検査実施人数については、発表時点での把握数。陽性者数については、中国人渡航者2人を除く。また、再感染4人は、含めていない。
2020/05/03 18:00,7632,485,,,,8,,21,,,291,34,136,128,3,検査実施人数については、発表時点での把握数。陽性者数については、中国人渡航者2人を除く。また、再感染5人は、含めていない。
2020/05/04 18:00,7811,488,,,,8,,20,,,302,34,129,121,3,検査実施人数については、発表時点での把握数。陽性者数については、中国人渡航者2人を除く。また、再感染5人は、含めていない。
2020/05/05 18:00,7846,491,,,,8,,17,,,308,34,129,121,3,検査実施人数については、発表時点での把握数。陽性者数については、中国人渡航者2人を除く。また、再感染5人は、含めていない。
2020/05/06 18:00,7866,491,,,,7,,15,,,317,34,122,115,3,検査実施人数については、発表時点での把握数。陽性者数については、中国人渡航者2人を除く。また、再感染5人は、含めていない。
2020/05/07 18:00,7958,491,,,,5,,14,,,328,34,112,107,3,検査実施人数については、発表時点での把握数。陽性者数については、中国人渡航者2人を除く。また、再感染5人は、含めていない。
2020/05/08 18:00,8027,491,,,,5,,14,,,339,34,101,96,3,検査実施人数については、発表時点での把握数。陽性者数については、中国人渡航者2人を除く。また、再感染5人は、含めていない。
2020/05/09 18:00,8133,494,,,,5,,11,,,350,34,96,91,3,検査実施人数については、発表時点での把握数。陽性者数については、中国人渡航者2人を除く。また、再感染5人は、含めていない。
2020/05/10 18:00,8133,494,,,,5,,10,,,352,34,95,90,3,検査実施人数については、発表時点での把握数。陽性者数については、中国人渡航者2人を除く。また、再感染5人は、含めていない。
2020/05/11 18:00,8437,495,,,,4,,8,,,366,34,84,80,3,検査実施人数については、発表時点での把握数。陽性者数については、中国人渡航者2人を除く。また、再感染5人は、含めていない。
2020/05/12 18:00,8492,496,,,,4,,9,,,374,34,76,72,3,検査実施人数については、発表時点での把握数。陽性者数については、中国人渡航者2人を除く。また、再感染5人は、含めていない。
2020/05/13 18:00,8614,497,,,,4,,8,,,385,34,67,63,3,検査実施人数については、発表時点での把握数。陽性者数については、中国人渡航者2人を除く。また、再感染5人は、含めていない。
2020/05/14 18:00,8773,498,,,,4,,7,,,387,34,67,63,3,検査実施人数については、発表時点での把握数。陽性者数については、中国人渡航者2人を除く。また、再感染6人は、含めていない。
2020/05/15 18:00,8896,499,,,,2,,10,,,400,34,55,53,0,検査実施人数については、発表時点での把握数。陽性者数については、中国人渡航者2人を除く。また、再感染6人は、含めていない。
2020/05/16 18:00,8963,501,,,,2,,8,,,404,34,55,53,0,検査実施人数については、発表時点での把握数。陽性者数については、中国人渡航者2人を除く。また、再感染6人は、含めていない。
2020/05/17 18:00,8963,501,,,,2,,7,,,413,34,47,45,0,検査実施人数については、発表時点での把握数。陽性者数については、中国人渡航者2人を除く。また、再感染6人は、含めていない。
2020/05/18 18:00,9176,501,,,,2,,3,,,423,34,41,39,0,検査実施人数については、発表時点での把握数。陽性者数については、中国人渡航者2人を除く。また、再感染6人は、含めていない。
2020/05/19 18:00,9249,501,,,,0,,2,,,428,34,37,37,0,検査実施人数については、発表時点での把握数。陽性者数については、中国人渡航者2人を除く。また、再感染6人は、含めていない。
2020/05/20 18:00,9368,501,,,,0,,3,,,431,34,33,33,0,検査実施人数については、発表時点での把握数。陽性者数については、中国人渡航者2人を除く。また、再感染6人は、含めていない。
2020/05/21 18:00,9451,501,,,,0,,3,,,437,34,27,27,0,検査実施人数については、発表時点での把握数。陽性者数については、中国人渡航者2人を除く。また、再感染6人は、含めていない。
2020/05/22 18:00,9525,501,,,,0,,1,,,442,34,24,24,0,検査実施人数については、発表時点での把握数。陽性者数については、中国人渡航者2人を除く。また、再感染6人は、含めていない。
2020/05/23 18:00,9525,502,,,,0,,1,,,442,34,25,25,0,検査実施人数については、発表時点での把握数。陽性者数については、中国人渡航者2人を除く。また、再感染6人は、含めていない。
2020/05/24 18:00,9525,502,,,,0,,1,,,442,34,25,25,0,検査実施人数については、発表時点での把握数。陽性者数については、中国人渡航者2人を除く。また、再感染6人は、含めていない。
2020/05/25 18:00,9726,502,,,,0,,1,,,444,34,23,23,0,検査実施人数については、発表時点での把握数。陽性者数については、中国人渡航者2人を除く。また、再感染6人は、含めていない。
2020/05/26 18:00,9762,502,,,,0,,0,,,450,34,18,18,0,検査実施人数については、発表時点での把握数。陽性者数については、中国人渡航者2人を除く。また、再感染6人は、含めていない。
2020/05/27 18:00,9819,502,,,,0,,0,,,453,34,15,15,0,検査実施人数については、発表時点での把握数。陽性者数については、中国人渡航者2人を除く。また、再感染6人は、含めていない。
2020/05/28 18:00,9920,502,,,,0,,0,,,453,34,15,15,0,検査実施人数については、発表時点での把握数。陽性者数については、中国人渡航者2人を除く。また、再感染6人は、含めていない。
2020/05/29 18:00,9970,502,,,,0,,0,,,455,34,13,13,0,検査実施人数については、発表時点での把握数。陽性者数については、中国人渡航者2人を除く。また、再感染6人は、含めていない。
2020/05/30 18:00,9970,503,,,,0,,0,,,456,34,13,13,0,検査実施人数については、発表時点での把握数。陽性者数については、中国人渡航者2人を除く。また、再感染6人は、含めていない。
2020/05/31 18:00,9970,503,,,,0,,0,,,457,34,12,12,0,検査実施人数については、発表時点での把握数。陽性者数については、中国人渡航者2人を除く。また、再感染6人は、含めていない。
2020/06/01 18:00,10142,503,,,,0,,0,,,457,34,12,12,0,検査実施人数については、発表時点での把握数。陽性者数については、中国人渡航者2人を除く。また、再感染6人は、含めていない。
2020/06/02 18:00,10211,504,,,,0,,0,,,458,34,12,12,0,検査実施人数については、発表時点での把握数。陽性者数については、中国人渡航者2人を除く。また、再感染6人は、含めていない。
2020/06/03 18:00,10284,504,,,,0,,0,,,460,34,10,10,0,検査実施人数については、発表時点での把握数。陽性者数については、中国人渡航者2人を除く。また、再感染6人は、含めていない。
2020/06/04 18:00,10365,504,,,,0,,0,,,462,34,8,8,0,検査実施人数については、発表時点での把握数。陽性者数については、中国人渡航者2人を除く。また、再感染6人は、含めていない。
2020/06/05 18:00,10467,505,,,,0,,0,,,463,34,8,8,0,検査実施人数については、発表時点での把握数。陽性者数については、中国人渡航者2人を除く。また、再感染6人は、含めていない。
2020/06/06 18:00,10467,505,,,,0,,0,,,463,34,8,8,0,検査実施人数については、発表時点での把握数。陽性者数については、中国人渡航者2人を除く。また、再感染6人は、含めていない。
2020/06/07 18:00,10467,506,,,,0,,0,,,463,34,9,9,0,検査実施人数については、発表時点での把握数。陽性者数については、中国人渡航者2人を除く。また、再感染6人は、含めていない。
2020/06/08 18:00,10701,506,,,,0,,0,,,465,34,7,7,0,検査実施人数については、発表時点での把握数。陽性者数については、中国人渡航者2人を除く。また、再感染6人は、含めていない。
2020/06/09 18:00,10844,506,,,,0,,0,,,465,34,7,7,0,検査実施人数については、発表時点での把握数。陽性者数については、中国人渡航者2人を除く。また、再感染6人は、含めていない。
2020/06/10 18:00,10961,508,,,,0,,0,,,465,34,9,9,0,県内において疑い例または患者の濃厚接触者として検査を行ったものについて掲載（チャーター機帰国者、クルーズ船乗客、空港検疫等は含めていない）。検査実施人数は、発表時点での把握数。陽性者数は、中国人渡航者2人を除く。また、再感染6人は、含めていない。
2020/06/11 18:00,11072,508,,,,0,,0,,,466,34,8,8,0,県内において疑い例または患者の濃厚接触者として検査を行ったものについて掲載（チャーター機帰国者、クルーズ船乗客、空港検疫等は含めていない）。検査実施人数は、発表時点での把握数。陽性者数は、中国人渡航者2人を除く。また、再感染6人は、含めていない。
2020/06/12 18:00,11171,510,,,,0,,0,,,467,34,9,9,0,県内において疑い例または患者の濃厚接触者として検査を行ったものについて掲載（チャーター機帰国者、クルーズ船乗客、空港検疫等は含めていない）。検査実施人数は、発表時点での把握数。陽性者数は、中国人渡航者2人を除く。また、再感染6人は、含めていない。
2020/06/13 18:00,11171,511,,,,0,,0,,,467,34,10,10,0,県内において疑い例または患者の濃厚接触者として検査を行ったものについて掲載（チャーター機帰国者、クルーズ船乗客、空港検疫等は含めていない）。検査実施人数は、発表時点での把握数。陽性者数は、中国人渡航者2人を除く。また、再感染6人は、含めていない。
2020/06/14 18:00,11171,511,,,,0,,0,,,467,34,10,10,0,県内において疑い例または患者の濃厚接触者として検査を行ったものについて掲載（チャーター機帰国者、クルーズ船乗客、空港検疫等は含めていない）。検査実施人数は、発表時点での把握数。陽性者数は、中国人渡航者2人を除く。また、再感染6人は、含めていない。
2020/06/15 18:00,11375,511,,,,0,,0,,,468,34,9,9,0,県内において疑い例または患者の濃厚接触者として検査を行ったものについて掲載（チャーター機帰国者、クルーズ船乗客、空港検疫等は含めていない）。検査実施人数は、発表時点での把握数。陽性者数は、中国人渡航者2人と、再陽性7人は、含めていない。
2020/06/16 18:00,11433,512,,,,0,,0,,,470,34,8,8,0,県内において疑い例または患者の濃厚接触者として検査を行ったものについて掲載（チャーター機帰国者、クルーズ船乗客、空港検疫等は含めていない）。検査実施人数は、発表時点での把握数。陽性者数は、中国人渡航者2人と、再陽性7人は、含めていない。
2020/06/17 18:00,11523,515,,,,0,,0,,,470,34,11,11,0,県内において疑い例または患者の濃厚接触者として検査を行ったものについて掲載（チャーター機帰国者、クルーズ船乗客、空港検疫等は含めていない）。検査実施人数は、発表時点での把握数。陽性者数は、中国人渡航者2人と、再陽性7人は、含めていない。
2020/06/18 18:00,11614,515,,,,0,,0,,,471,34,10,10,0,県内において疑い例または患者の濃厚接触者として検査を行ったものについて掲載（チャーター機帰国者、クルーズ船乗客、空港検疫等は含めていない）。検査実施人数は、発表時点での把握数。陽性者数は、中国人渡航者2人と、再陽性7人は、含めていない。
2020/06/19 18:00,11750,516,,,,0,,0,,,470,34,12,12,0,県内において疑い例または患者の濃厚接触者として検査を行ったものについて掲載（チャーター機帰国者、クルーズ船乗客、空港検疫等は含めていない）。検査実施人数は、発表時点での把握数。陽性者数は、中国人渡航者2人と、再陽性7人は、含めていない。
2020/06/20 18:00,11750,517,,,,0,,0,,,470,34,13,13,0,県内において疑い例または患者の濃厚接触者として検査を行ったものについて掲載（チャーター機帰国者、クルーズ船乗客、空港検疫等は含めていない）。検査実施人数は、発表時点での把握数。陽性者数は、中国人渡航者2人と、再陽性7人は、含めていない。
2020/06/21 18:00,11750,517,,,,0,,0,,,470,34,13,13,0,県内において疑い例または患者の濃厚接触者として検査を行ったものについて掲載（チャーター機帰国者、クルーズ船乗客、空港検疫等は含めていない）。検査実施人数は、発表時点での把握数。陽性者数は、中国人渡航者2人と、再陽性7人は、含めていない。
2020/06/22 18:00,11940,517,,,,0,,0,,,471,34,12,12,0,県内において疑い例または患者の濃厚接触者として検査を行ったものについて掲載（チャーター機帰国者、クルーズ船乗客、空港検疫等は含めていない）。検査実施人数は、発表時点での把握数。陽性者数は、中国人渡航者2人と、再陽性7人は、含めていない。
2020/06/23 18:00,12180,517,,,,0,,0,,,474,34,9,9,0,県内において疑い例または患者の濃厚接触者として検査を行ったものについて掲載（チャーター機帰国者、クルーズ船乗客、空港検疫等は含めていない）。検査実施人数は、発表時点での把握数。陽性者数は、中国人渡航者2人と、再陽性7人は、含めていない。
2020/06/24 18:00,12288,517,,,,0,,0,,,474,34,9,9,0,県内において疑い例または患者の濃厚接触者として検査を行ったものについて掲載（チャーター機帰国者、クルーズ船乗客、空港検疫等は含めていない）。検査実施人数は、発表時点での把握数。陽性者数は、中国人渡航者2人と、再陽性7人は、含めていない。
2020/06/25 18:00,12363,517,,,,0,,0,,,475,34,8,8,0,県内において疑い例または患者の濃厚接触者として検査を行ったものについて掲載（チャーター機帰国者、クルーズ船乗客、空港検疫等は含めていない）。検査実施人数は、発表時点での把握数。陽性者数は、中国人渡航者2人と、再陽性7人は、含めていない。
2020/06/26 18:00,12445,517,,,,0,,0,,,476,34,7,7,0,県内において疑い例または患者の濃厚接触者として検査を行ったものについて掲載（チャーター機帰国者、クルーズ船乗客、空港検疫等は含めていない）。検査実施人数は、発表時点での把握数。陽性者数は、中国人渡航者2人と、再陽性7人は、含めていない。
2020/06/27 18:00,12445,517,,,,0,,0,,,477,34,6,6,0,県内において疑い例または患者の濃厚接触者として検査を行ったものについて掲載（チャーター機帰国者、クルーズ船乗客、空港検疫等は含めていない）。検査実施人数は、発表時点での把握数。陽性者数は、中国人渡航者2人と、再陽性7人は、含めていない。
2020/06/28 18:00,12445,517,,,,0,,0,,,477,34,6,6,0,県内において疑い例または患者の濃厚接触者として検査を行ったものについて掲載（チャーター機帰国者、クルーズ船乗客、空港検疫等は含めていない）。検査実施人数は、発表時点での把握数。陽性者数は、中国人渡航者2人と、再陽性7人は、含めていない。
2020/06/29 18:00,12620,518,,,,0,,0,,,478,34,6,6,0,県内において疑い例または患者の濃厚接触者として検査を行ったものについて掲載（チャーター機帰国者、クルーズ船乗客、空港検疫等は含めていない）。検査実施人数は、発表時点での把握数。陽性者数は、中国人渡航者2人と、再陽性7人は、含めていない。
2020/06/30 18:00,12734,519,,,,0,,0,,,478,34,7,7,0,県内において疑い例または患者の濃厚接触者として検査を行ったものについて掲載（チャーター機帰国者、クルーズ船乗客、空港検疫等は含めていない）。検査実施人数は、発表時点での把握数。陽性者数は、中国人渡航者2人と、再陽性7人は、含めていない。
2020/07/01 18:00,12859,519,,,,0,,0,,,478,34,7,7,0,県内において疑い例または患者の濃厚接触者として検査を行ったものについて掲載（チャーター機帰国者、クルーズ船乗客、空港検疫等は含めていない）。検査実施人数は、発表時点での把握数。陽性者数は、中国人渡航者2人と、再陽性7人は、含めていない。
2020/07/02 18:00,12918,519,,,,0,,0,,,478,34,7,7,0,県内において疑い例または患者の濃厚接触者として検査を行ったものについて掲載（チャーター機帰国者、クルーズ船乗客、空港検疫等は含めていない）。検査実施人数は、発表時点での把握数。陽性者数は、中国人渡航者2人と、再陽性7人は、含めていない。
2020/07/03 18:00,13199,519,,,,0,,0,,,478,34,7,7,0,県内において疑い例または患者の濃厚接触者として検査を行ったものについて掲載（チャーター機帰国者、クルーズ船乗客、空港検疫等は含めていない）。検査実施人数は、発表時点での把握数。陽性者数は、中国人渡航者2人と、再陽性7人は、含めていない。
2020/07/04 18:00,13199,519,,,,0,,0,,,480,34,5,5,0,県内において疑い例または患者の濃厚接触者として検査を行ったものについて掲載（チャーター機帰国者、クルーズ船乗客、空港検疫等は含めていない）。検査実施人数は、発表時点での把握数。陽性者数は、中国人渡航者2人と、再陽性7人は、含めていない。
2020/07/05 18:00,13199,519,,,,0,,0,,,480,34,5,5,0,県内において疑い例または患者の濃厚接触者として検査を行ったものについて掲載（チャーター機帰国者、クルーズ船乗客、空港検疫等は含めていない）。検査実施人数は、発表時点での把握数。陽性者数は、中国人渡航者2人と、再陽性7人は、含めていない。
2020/07/06 18:00,13413,521,,,,0,,0,,,480,34,7,7,0,県内において疑い例または患者の濃厚接触者として検査を行ったものについて掲載（チャーター機帰国者、クルーズ船乗客、空港検疫等は含めていない）。検査実施人数は、発表時点での把握数。陽性者数は、中国人渡航者2人と、再陽性7人は、含めていない。
2020/07/07 18:00,13558,521,,,,0,,0,,,480,34,7,7,0,県内において疑い例または患者の濃厚接触者として検査を行ったものについて掲載（チャーター機帰国者、クルーズ船乗客、空港検疫等は含めていない）。検査実施人数は、発表時点での把握数。陽性者数は、中国人渡航者2人と、再陽性7人は、含めていない。
2020/07/08 18:00,13693,523,,,,0,,0,,,481,34,8,8,0,県内において疑い例または患者の濃厚接触者として検査を行ったものについて掲載（チャーター機帰国者、クルーズ船乗客、空港検疫等は含めていない）。検査実施人数は、発表時点での把握数。陽性者数は、中国人渡航者2人と、再陽性7人は、含めていない。
2020/07/09 18:00,13813,523,,,,0,,0,,,481,34,8,8,0,県内において疑い例または患者の濃厚接触者として検査を行ったものについて掲載（チャーター機帰国者、クルーズ船乗客、空港検疫等は含めていない）。検査実施人数は、発表時点での把握数。陽性者数は、中国人渡航者2人と、再陽性7人は、含めていない。
2020/07/10 18:00,13977,523,,,,0,,0,,,482,34,7,7,0,県内において疑い例または患者の濃厚接触者として検査を行ったものについて掲載（チャーター機帰国者、クルーズ船乗客、空港検疫等は含めていない）。検査実施人数は、発表時点での把握数。陽性者数は、中国人渡航者2人と、再陽性7人は、含めていない。
2020/07/11 18:00,13977,525,,,,0,,0,,,483,34,8,8,0,県内において疑い例または患者の濃厚接触者として検査を行ったものについて掲載（チャーター機帰国者、クルーズ船乗客、空港検疫等は含めていない）。検査実施人数は、発表時点での把握数。陽性者数は、中国人渡航者2人と、再陽性7人は、含めていない。
2020/07/12 18:00,13977,525,,,,0,,0,,,483,34,8,8,0,県内において疑い例または患者の濃厚接触者として検査を行ったものについて掲載（チャーター機帰国者、クルーズ船乗客、空港検疫等は含めていない）。検査実施人数は、発表時点での把握数。陽性者数は、中国人渡航者2人と、再陽性7人は、含めていない。
2020/07/13 18:00,14450,527,,,,0,,0,,,483,34,10,10,0,県内において疑い例または患者の濃厚接触者として検査を行ったものについて掲載（チャーター機帰国者、クルーズ船乗客、空港検疫等は含めていない）。検査実施人数は、発表時点での把握数。陽性者数は、中国人渡航者2人と、再陽性7人は、含めていない。
2020/07/14 20:00,14487,532,,,,0,,0,,,483,34,15,15,0,県内において疑い例または患者の濃厚接触者として検査を行ったものについて掲載（チャーター機帰国者、クルーズ船乗客、空港検疫等は含めていない）。検査実施人数は、発表時点での把握数。陽性者数は、中国人渡航者2人と、再陽性7人は、含めていない。
2020/07/15 18:00,14633,548,,,,0,,0,,,485,34,29,29,0,県内において疑い例または患者の濃厚接触者として検査を行ったものについて掲載（チャーター機帰国者、クルーズ船乗客、空港検疫等は含めていない）。検査実施人数は、発表時点での把握数。陽性者数は、中国人渡航者2人と、再陽性7人は、含めていない。
2020/07/16 18:00,14781,569,,,,0,,0,,,486,34,49,49,0,県内において疑い例または患者の濃厚接触者として検査を行ったものについて掲載（チャーター機帰国者、クルーズ船乗客、空港検疫等は含めていない）。検査実施人数は、発表時点での把握数。陽性者数は、中国人渡航者2人と、再陽性7人は、含めていない。
2020/07/17 20:00,15158,588,,,,0,,0,,,486,34,68,68,0,県内において疑い例または患者の濃厚接触者として検査を行ったものについて掲載（チャーター機帰国者、クルーズ船乗客、空港検疫等は含めていない）。検査実施人数は、発表時点での把握数。陽性者数は、中国人渡航者2人と、再陽性7人は、含めていない。
2020/07/18 20:00,15158,613,,,,0,,0,,,489,34,90,90,0,県内において疑い例または患者の濃厚接触者として検査を行ったものについて掲載（チャーター機帰国者、クルーズ船乗客、空港検疫等は含めていない）。検査実施人数は、発表時点での把握数。陽性者数は、中国人渡航者2人と、再陽性7人は、含めていない。
2020/07/19 19:00,15158,634,,,,0,,0,,,489,34,111,111,0,県内において疑い例または患者の濃厚接触者として検査を行ったものについて掲載（チャーター機帰国者、クルーズ船乗客、空港検疫等は含めていない）。検査実施人数は、発表時点での把握数。陽性者数は、中国人渡航者2人と、再陽性7人は、含めていない。
2020/07/20 19:00,16041,655,,,,0,,0,,,491,34,130,130,0,県内において疑い例または患者の濃厚接触者として検査を行ったものについて掲載（チャーター機帰国者、クルーズ船乗客、空港検疫等は含めていない）。検査実施人数は、発表時点での把握数。陽性者数は、中国人渡航者2人と、再陽性7人は、含めていない。
2020/07/21 20:00,16262,708,,,,0,,0,,,493,34,181,181,0,県内において疑い例または患者の濃厚接触者として検査を行ったものについて掲載（チャーター機帰国者、クルーズ船乗客、空港検疫等は含めていない）。検査実施人数は、発表時点での把握数。陽性者数は、中国人渡航者2人と、再陽性7人は、含めていない。
2020/07/22 20:00,16828,772,,,,1,,0,,,496,35,241,240,0,県内において疑い例または患者の濃厚接触者として検査を行ったものについて掲載（チャーター機帰国者、クルーズ船乗客、空港検疫等は含めていない）。検査実施人数は、発表時点での把握数。陽性者数は、中国人渡航者2人と、再陽性7人は、含めていない。
2020/07/23 20:00,16828,869,,,,2,,0,,,498,35,336,334,0,県内において疑い例または患者の濃厚接触者として検査を行ったものについて掲載（チャーター機帰国者、クルーズ船乗客、空港検疫等は含めていない）。検査実施人数は、発表時点での把握数。陽性者数は、中国人渡航者2人と、再陽性7人は、含めていない。
2020/07/24 20:00,16828,932,,377,13,2,,0,,,505,35,392,,0,県内において疑い例または患者の濃厚接触者として検査を行ったものについて掲載（チャーター機帰国者、クルーズ船乗客、空港検疫等は含めていない）。検査実施人数は、発表時点での把握数。陽性者数は、中国人渡航者2人と、再陽性7人は、含めていない。
2020/07/25 20:00,16828,1010,,451,16,2,,0,,,506,35,469,,0,県内において疑い例または患者の濃厚接触者として検査を行ったものについて掲載（チャーター機帰国者、クルーズ船乗客、空港検疫等は含めていない）。検査実施人数は、発表時点での把握数。陽性者数は、中国人渡航者2人と、再陽性7人は、含めていない。
2020/07/26 19:00,16828,1090,,522,20,2,,0,,,511,35,544,,0,県内において疑い例または患者の濃厚接触者として検査を行ったものについて掲載（チャーター機帰国者、クルーズ船乗客、空港検疫等は含めていない）。検査実施人数は、発表時点での把握数。陽性者数は、中国人渡航者2人と、再陽性7人は、含めていない。
2020/07/27 20:00,19918,1166,,584,22,2,,0,,,523,35,608,,0,県内において疑い例または患者の濃厚接触者として検査を行ったものについて掲載（チャーター機帰国者、クルーズ船乗客、空港検疫等は含めていない）。検査実施人数は、発表時点での把握数。陽性者数は、中国人渡航者2人と、再陽性7人は、含めていない。
2020/07/28 20:00,20356,1276,195,678,27,2,46,5,356,110,529,35,707,,0,入院等の内訳：入院195人、入院調整46人、自宅療養356人、調整110人。陽性者数は、中国人渡航者2人と、再陽性7人は、含めていない。県内において疑い例または患者の濃厚接触者として検査を行ったものについて掲載（チャーター機帰国者、クルーズ船乗客、空港検疫等は含めていない）。検査実施人数は、発表時点での把握数。
2020/07/29 20:00,21258,1443,202,797,45,2,39,13,436,167,551,35,844,,0,入院等の内訳：入院202人、入院調整39人、自宅療養436人、調整167人。陽性者数は、中国人渡航者2人と、再陽性7人は、含めていない。県内において疑い例または患者の濃厚接触者として検査を行ったものについて掲載（チャーター機帰国者、クルーズ船乗客、空港検疫等は含めていない）。検査実施人数は、発表時点での把握数。
2020/07/30 21:00,22156,1603,204,945,51,2,56,17,578,160,553,35,998,,0,入院等の内訳：入院204人、入院調整56人、自宅療養578人、調整160人。陽性者数は、中国人渡航者2人と、再陽性7人は、含めていない。県内において疑い例または患者の濃厚接触者として検査を行ったものについて掲載（チャーター機帰国者、クルーズ船乗客、空港検疫等は含めていない）。検査実施人数は、発表時点での把握数。
2020/07/31 21:00,22910,1796,198,1096,56,4,54,27,711,193,578,35,1156,,0,入院等の内訳：入院198人、入院調整54人、自宅療養711人、調整193人。陽性者数は、中国人渡航者2人と、再陽性7人は、含めていない。県内において疑い例または患者の濃厚接触者として検査を行ったものについて掲載（チャーター機帰国者、クルーズ船乗客、空港検疫等は含めていない）。検査実施人数は、発表時点での把握数。
2020/08/01 21:00,22910,1977,196,1241,60,4,44,34,884,181,603,35,1305,,0,入院等の内訳：入院196人、入院調整44人、自宅療養884人、調整181人。陽性者数は、中国人渡航者2人と、再陽性7人は、含めていない。県内において疑い例または患者の濃厚接触者として検査を行ったものについて掲載（チャーター機帰国者、クルーズ船乗客、空港検疫等は含めていない）。検査実施人数は、発表時点での把握数。
2020/08/02 21:00,22910,2137,243,1370,64,5,38,43,998,160,620,35,1439,,0,入院等の内訳：入院243人、入院調整38人、自宅療養998人、調整160人。陽性者数は、中国人渡航者2人と、再陽性7人は、含めていない。県内において疑い例または患者の濃厚接触者として検査を行ったものについて掲載（チャーター機帰国者、クルーズ船乗客、空港検疫等は含めていない）。検査実施人数は、発表時点での把握数。
2020/08/03 21:00,25979,2262,246,1441,70,5,48,44,1097,125,667,35,1516,,0,入院等の内訳：入院246人、入院調整48人、自宅療養1097人、調整125人。陽性者数は、中国人渡航者2人と、再陽性7人は、含めていない。県内において疑い例または患者の濃厚接触者として検査を行ったものについて掲載（チャーター機帰国者、クルーズ船乗客、空港検疫等は含めていない）。検査実施人数は、発表時点での把握数。
2020/08/04 21:00,26790,2382,258,1435,75,7,49,47,1090,120,783,35,1517,,0,入院等の内訳：入院258人、入院調整49人、自宅療養1090人、調整120人。陽性者数は、中国人渡航者2人と、再陽性7人は、含めていない。県内において疑い例または患者の濃厚接触者として検査を行ったものについて掲載（チャーター機帰国者、クルーズ船乗客、空港検疫等は含めていない）。検査実施人数は、発表時点での把握数。
2020/08/05 21:00,27736,2529,237,1428,87,7,63,53,1075,147,917,37,1522,,0,入院等の内訳：入院237人、入院調整63人、自宅療養1075人、調整147人。陽性者数は、中国人渡航者2人と、再陽性7人は、含めていない。県内において疑い例または患者の濃厚接触者として検査を行ったものについて掲載（チャーター機帰国者、クルーズ船乗客、空港検疫等は含めていない）。検査実施人数は、発表時点での把握数。
2020/08/06 21:00,29046,2669,253,1443,95,6,64,48,1087,140,1040,37,1544,,0,入院等の内訳：入院253人、入院調整64人、自宅療養1087人、調整140人。陽性者数は、中国人渡航者2人と、再陽性7人は、含めていない。県内において疑い例または患者の濃厚接触者として検査を行ったものについて掲載（チャーター機帰国者、クルーズ船乗客、空港検疫等は含めていない）。検査実施人数は、発表時点での把握数。
2020/08/07 21:00,29908,2827,254,1481,99,7,79,50,1096,158,1153,37,1587,,0,入院等の内訳：入院254人、入院調整79人、自宅療養1096人、調整158人。陽性者数は、中国人渡航者2人と、再陽性7人は、含めていない。県内において疑い例または患者の濃厚接触者として検査を行ったものについて掲載（チャーター機帰国者、クルーズ船乗客、空港検疫等は含めていない）。検査実施人数は、発表時点での把握数。
2020/08/08 21:00,29908,3004,255,1620,111,8,86,43,1221,177,1185,37,1739,,0,入院等の内訳：入院255人、入院調整86人、自宅療養1221人、調整177人。陽性者数は、中国人渡航者2人と、再陽性7人は、含めていない。県内において疑い例または患者の濃厚接触者として検査を行ったものについて掲載（チャーター機帰国者、クルーズ船乗客、空港検疫等は含めていない）。検査実施人数は、発表時点での把握数。
2020/08/09 21:00,29908,3133,289,1681,119,9,110,46,1282,128,1241,37,1809,,0,入院等の内訳：入院289人、入院調整110人、自宅療養1282人、調整128人。陽性者数は、中国人渡航者2人と、再陽性7人は、含めていない。県内において疑い例または患者の濃厚接触者として検査を行ったものについて掲載（チャーター機帰国者、クルーズ船乗客、空港検疫等は含めていない）。検査実施人数は、発表時点での把握数。
2020/08/10 21:00,29908,3234,300,1666,127,10,92,49,1310,101,1345,37,1803,,0,入院等の内訳：入院300人、入院調整92人、自宅療養1310人、調整101人。陽性者数は、中国人渡航者2人と、再陽性7人は、含めていない。県内において疑い例または患者の濃厚接触者として検査を行ったものについて掲載（チャーター機帰国者、クルーズ船乗客、空港検疫等は含めていない）。検査実施人数は、発表時点での把握数。
2020/08/11 20:00,34011,3301,318,1555,130,14,75,47,1239,67,1518,37,1699,,0,入院等の内訳：入院318人、入院調整75人、自宅療養1239人、調整67人。陽性者数は、中国人渡航者2人と、再陽性7人は、含めていない。県内において疑い例または患者の濃厚接触者として検査を行ったものについて掲載（チャーター機帰国者、クルーズ船乗客、空港検疫等は含めていない）。検査実施人数は、発表時点での把握数。
2020/08/12 20:00,34291,3387,325,254,58,13,72,54,1117,86,1695,38,,,,入院等の内訳：入院325人、入院調整72人、自宅療養1117人、調整86人。陽性者数は、中国人渡航者2人と、再陽性7人は、含めていない。県内において疑い例または患者の濃厚接触者として検査を行ったものについて掲載（チャーター機帰国者、クルーズ船乗客、空港検疫等は含めていない）。検査実施人数は、発表時点での把握数。
2020/08/13 20:00,35728,3496,323,247,63,13,57,57,1107,109,1804,39,,,,入院等の内訳：入院323人、入院調整57人、自宅療養1107人、調整109人。陽性者数は、中国人渡航者2人と、再陽性7人は、含めていない。県内において疑い例または患者の濃厚接触者として検査を行ったものについて掲載（チャーター機帰国者、クルーズ船乗客、空港検疫等は含めていない）。検査実施人数は、発表時点での把握数。
2020/08/14 20:00,37041,3584,334,253,68,13,50,60,1100,88,1913,39,,,,入院等の内訳：入院334人、入院調整50人、自宅療養1100人、調整88人。陽性者数は、中国人渡航者2人と、再陽性7人は、含めていない。県内において疑い例または患者の濃厚接触者として検査を行ったものについて掲載（チャーター機帰国者、クルーズ船乗客、空港検疫等は含めていない）。検査実施人数は、発表時点での把握数。
2020/08/15 20:00,37041,3656,332,243,76,13,43,63,978,72,2125,43,,,,入院等の内訳：入院332人、入院調整43人、自宅療養978人、調整72人。陽性者数は、中国人渡航者2人と、再陽性7人は、含めていない。県内において疑い例または患者の濃厚接触者として検査を行ったものについて掲載（チャーター機帰国者、クルーズ船乗客、空港検疫等は含めていない）。検査実施人数は、発表時点での把握数。
2020/08/16 20:00,37041,3739,336,248,75,13,37,55,936,83,2248,44,,,,入院等の内訳：入院336人、入院調整37人、自宅療養936人、調整83人。陽性者数は、中国人渡航者2人と、再陽性7人は、含めていない。県内において疑い例または患者の濃厚接触者として検査を行ったものについて掲載（チャーター機帰国者、クルーズ船乗客、空港検疫等は含めていない）。検査実施人数は、発表時点での把握数。
2020/08/17 20:00,39879,3782,326,231,80,15,32,48,874,43,2414,45,,,,入院等の内訳：入院326人、入院調整32人、自宅療養874人、調整43人。陽性者数は、中国人渡航者2人と、再陽性7人は、含めていない。県内において疑い例または患者の濃厚接触者として検査を行ったものについて掲載（チャーター機帰国者、クルーズ船乗客、空港検疫等は含めていない）。検査実施人数は、発表時点での把握数。
2020/08/18 20:00,40609,3839,352,250,87,15,34,45,748,57,2557,46,,,,入院等の内訳：入院352人、入院調整34人、自宅療養748人、調整57人。陽性者数は、中国人渡航者2人と、再陽性7人は、含めていない。県内において疑い例または患者の濃厚接触者として検査を行ったものについて掲載（チャーター機帰国者、クルーズ船乗客、空港検疫等は含めていない）。検査実施人数は、発表時点での把握数。
2020/08/19 20:00,41111,3896,335,240,79,16,30,53,712,57,2661,48,,,,陽性者数は、中国人渡航者2人と、再陽性7人は、含めていない。県内において疑い例または患者の濃厚接触者として検査を行ったものについて掲載（チャーター機帰国者、クルーズ船乗客、空港検疫等は含めていない）。検査実施人数は、発表時点での把握数。
2020/08/20 20:00,42122,3978,349,228,99,22,24,59,678,82,2737,49,,,,検査実施人数については、発表時点での把握数。なお、検査件数は、53622件。陽性者数については、中国人渡航者2人を除く。また、再感染7人については、含めていない。検査実施人数には県内において疑い例または患者の濃厚接触者として検査を行ったものについて掲載。
2020/08/21 20:00,43307,4068,354,221,109,24,16,55,647,90,2854,52,,,,検査実施人数については、発表時点での把握数。なお、検査件数は、55998件。陽性者数については、中国人渡航者2人を除く。また、再感7人については、含めていない。検査実施人数には県内において疑い例または患者の濃厚接触者として検査を行ったものについて掲載。
2020/08/22,45669,4137,356,212,118,26,23,59,610,69,2966,54,,,,"検査実施人数については、発表時点での把握数。なお、検査件数は、57,862件。陽性者数については、中国人渡航者2人を除く。また、再感染7人については、含めていない。検査実施人数には県内において疑い例または患者の濃厚接触者として検査を行ったものについて掲載。"
2020/08/23,46351,4187,362,215,121,26,28,64,605,50,3021,57,,,,"検査実施人数については、発表時点での把握数。なお、検査件数は、58,553件。陽性者数については、中国人渡航者2人を除く。また、再感染7人については、含めていない。検査実施人数には県内において疑い例または患者の濃厚接触者として検査を行ったものについて掲載。"
2020/08/24,47113,4230,361,224,115,22,24,63,532,43,3150,57,,,,"検査実施人数については、発表時点での把握数。なお、検査件数は、59,398件。陽性者数については、中国人渡航者2人を除く。また、再感染7人については、含めていない。検査実施人数には県内において疑い例または患者の濃厚接触者として検査を行ったものについて掲載。"
2020/08/25 18:00,47890,4273,369,232,116,21,22,57,395,43,3329,58,,,,検査実施人数については、発表時点での把握数。なお、検査件数は、60280件。陽性者数については、中国人渡航者2人を除く。また、再感7人については、含めていない。検査実施人数には県内において疑い例または患者の濃厚接触者として検査行ったものについて掲載
2020/08/26 18:00,48872,4323,351,239,96,16,19,56,357,50,3432,58,,,,検査実施人数には県内において疑い例または起者の濃厚接角者として検査を行ったものについて掲載。
2020/08/27 18:00,49574,4362,334,201,117,16,15,53,348,39,3513,60,,,,検査実絡人数については、発表府点での把揚数。なお、杜栓件数は、62111件。有性者要については、中国人渡航2人を除く。また、再感凶7人については、含めていない。検査実施人数には県内において踊い例または地者の当古接触者として検査を行ったものについて掲載。
2020/08/28,50408,4412,322,170,133,19,18,50,338,50,3573,61,,,,"検査実施人数については、発表時点での把握数。なお、検査件数は、63,029件。陽性者数については、中国人渡航者2人を除く。また、再感染8人については、含めていない。検査実施人数には県内において疑い例または患者の濃厚接触者として検査を行ったものについて掲載。"
2020/08/29,51517,4457,325,184,123,18,14,52,313,45,3644,64,,,,"検査実施人数については、発表時点での把握数。なお、検査件数は、64,162件。陽性者数については、中国人渡航者2人を除く。また、再感染8人については、含めていない。検査実施人数には県内において疑い例または患者の濃厚接触者として検査を行ったものについて掲載。"
2020/08/30 01:00,52636,4493,331,212,101,18,13,56,286,36,3706,65,,,,検査実疑人数については、多衣時点での把垣数。なお、栓査件数は、65298件。同性者数については、中国人渡航者2人を除く。また、再感筆8人については、含めていない。検査実略人数には過内において閉い例または選者の渡友接触者として検査を行ったものについて掲載。
2020/08/31 18:00,53096,4535,323,181,125,17,16,49,293,42,3747,65,,,,検査実施人数については、発表時点での把揚数。なお、枝査件数は、65886件。骨性者数については、中因人渡航者2人を除く。また、再感委8人については、含めていない。検査実施人数には県内において急い例または患者の選友接触者として検査を行ったものについて掲載。
2020/09/01 18:00,54272,4559,289,160,113,16,18,50,303,24,3807,68,,,,検査実施人数については、発表時点での把握数。なお、検査件数は、67075件。陽性者数については、中国人渡航者2人を除く。また、再感染8人については、含めていない。検査実施人数には県内において疑い例または起者の渡厚接触者として検査を行ったものについて掲載。
2020/09/02 18:00,55193,4586,307,190,99,18,16,49,250,28,3865,71,,,,検査実施人数については、発表時点での把握数。なお、検査件数は、68278件。陽性者数については、中国人渡航者2人を除く。また、再感染9人については、含めていない。検査実施人数には県内において疑い例または志者の渡厚接触者として検査を行ったものについて掲載。
2020/09/03 18:00,56018,4604,287,177,92,18,14,47,239,18,3927,72,,,,検査実施人数については、発表時点での把握数。なお、検査件数は、69148件。陽性者数については、中国人渡航者2人を除く。また、再感染9人については、含めていない。検査実施人数には県内において疑い例または志者の渡厚接触者として検査を行ったものについて掲載。
2020/09/04,56613,4637,287,174,94,19,9,43,215,33,3977,73,,,,"検査実施人数については、発表時点での把握数。なお、検査件数は、69,838件。陽性者数については、中国人渡航者2人を除く。また、再感染9人については、含めていない。検査実施人数には県内において疑い例または患者の濃厚接触者として検査を行ったものについて掲載。"
2020/09/05 18:00,57481,4671,276,166,92,18,12,54,189,34,4033,73,,,,検査実施人数については、発表時点での把握数。なお、検査件数は、70731件。陽性者数については、中国人渡航者2人を除く。また、再感染9人については、含めていない。検査実施人数には県内において疑い例または患者の濃厚接触者として検査行ったものについて掲載
2020/09/06 18:00,57949,4698,260,155,90,15,15,49,185,27,4088,74,,,,検拍実能人数については、発表時上門での把舞数。なお、栓立件数は、71220件。失性者数については、中国人渡航者2人を除く。また、再感9人については、含めていない。検査実略人数には県内において路い例または中者の沖屋接触用として検査を行ったものについて掲載。
2020/09/07,58530,4719,240,132,93,15,14,41,173,21,4156,74,,,,"検査実施人数については、発表時点での把握数。なお、検査件数は、71,985件。陽性者数については、中国人渡航者2人を除く。また、再感染9人については、含めていない。検査実施人数には県内において疑い例または患者の濃厚接触者として検査を行ったものについて掲載。"
2020/09/08,59105,4730,219,112,90,17,9,34,171,11,4212,74,,,,"検査実施人数については、発表時点での把握数。なお、検査件数は、72,578件。陽性者数については、中国人渡航者2人を除く。また、再感染10人については、含めていない。検査実施人数には県内において疑い例または患者の濃厚接触者として検査を行ったものについて掲載。"
2020/09/09 18:00,60130,4751,209,108,84,17,6,30,155,21,4256,74,,,,検査実施人数については、発表時点での把握数。なお、検査件数は、73679件。陽性者数については、中国人渡航者2人を除く。また、再感染10人については、含めていない。検査実施人数には県内において疑い例または起者の渡厚接触者として検査を行ったものについて掲載。
2020/09/10 18:00,60763,4787,186,96,73,17,6,29,146,36,4310,74,,,,検査実爺和人数については、免表時点での抱錠数。なお、検杏埋散は、74372御。陽性者攻については、中国人渡航者2人を除く。また、再感欠10人については、含めていない。検査実施人数には県内において続い例または中竹の沿厚接触用として検査を行ったものについて掲載。
2020/09/11,61474,4835,185,101,69,15,10,31,120,48,4366,75,,,,"検査実施人数については、発表時点での把握数。なお、検査件数は、75,143件。陽性者数については、中国人渡航者2人を除く。また、再感染10人については、含めていない。検査実施人数には県内において疑い例または患者の濃厚接触者として検査を行ったものについて掲載。"
2020/09/12,62057,4864,180,93,72,15,11,34,133,29,4402,75,,,,"検査実施人数については、発表時点での把握数。なお、検査件数は、75,736件。陽性者数については、中国人渡航者2人を除く。また、再感染10人については、含めていない。検査実施人数には県内において疑い例または患者の濃厚接触者として検査を行ったものについて掲載。"
2020/09/13,62277,4897,186,97,73,16,10,34,135,33,4423,76,,,,"検査実施人数については、発表時点での把握数。なお、検査件数は、75,970件。陽性者数については、中国人渡航者2人を除く。また、再感染10人については、含めていない。検査実施人数には県内において疑い例または患者の濃厚接触者として検査を行ったものについて掲載。"
2020/09/14,62807,4920,182,92,71,19,12,30,145,23,4452,76,,,,"検査実施人数については、発表時点での把握数。なお、検査件数は、76,564件。陽性者数については、中国人渡航者2人を除く。また、再感染10人については、含めていない。検査実施人数には県内において疑い例または患者の濃厚接触者として検査を行ったものについて掲載。"
2020/09/15 18:00,64208,4941,172,89,64,19,13,37,128,21,4493,77,,,,枝誤実際人数については、発表時点での把握数。なお、検欄件数は、77979件。陽性者区については、中国人波就者2人を除く。また、再感釣10人については、含めていない。栓次実肉人数には県内において鍵い例または忠吉の浪友接触者として検近を行ったものについて掲載
2020/09/16,64981,4963,173,96,61,16,8,41,117,22,4525,77,,,,"検査実施人数については、発表時点での把握数。なお、検査件数は、78,898件。陽性者数については、中国人渡航者2人を除く。また、再感染10人については、含めていない。検査実施人数には県内において疑い例または患者の濃厚接触者として検査を行ったものについて掲載。"
2020/09/17 18:00,66654,4999,161,89,56,16,6,45,120,36,4554,77,,,,検査実施人数については、発表時点での把握数。なお、検査件数は、80679件。陽性者数については、中国人渡航者2人を除く。また、再感染10人については、含めていない。検査実施人数には県内において疑い例または患者の濃厚接触者として検査行ったものについて掲載
2020/09/18,67306,5039,156,87,54,15,7,49,125,40,4584,78,,,,"検査実施人数については、発表時点での把握数。なお、検査件数は、81,366件。陽性者数については、中国人渡航者2人を除く。また、再感染10人については、含めていない。検査実施人数には県内において疑い例または患者の濃厚接触者として検査を行ったものについて掲載。"
2020/09/19,68206,5070,155,86,54,15,7,58,142,31,4598,79,,,,"検査実施人数については、発表時点での把握数。なお、検査件数は、82,743件。陽性者数については、中国人渡航者2人を除く。また、再感染10人については、含めていない。検査実施人数には県内において疑い例または患者の濃厚接触者として検査を行ったものについて掲載。"
2020/09/20,68983,5103,164,89,59,16,7,64,142,33,4612,81,,,,"検査実施人数については、発表時点での把握数。なお、検査件数は、83,527件。陽性者数については、中国人渡航者2人を除く。また、再感染10人については、含めていない。検査実施人数には県内において疑い例または患者の濃厚接触者として検査を行ったものについて掲載。"
2020/09/21,69242,5122,171,97,58,16,8,63,147,19,4633,81,,,,"検査実施人数については、発表時点での把握数。なお、検査件数は、83,792件。陽性者数については、中国人渡航者2人を除く。また、再感染10人については、含めていない。検査実施人数には県内において疑い例または患者の濃厚接触者として検査を行ったものについて掲載。"
2020/09/22,69521,5131,174,101,59,14,6,58,145,9,4658,81,,,,"検査実施人数については、発表時点での把握数。なお、検査件数は、84,104件。陽性者数については、中国人渡航者2人を除く。また、再感染10人については、含めていない。検査実施人数には県内において疑い例または患者の濃厚接触者として検査を行ったものについて掲載。"
2020/09/23 18:00,69800,5145,167,98,56,13,7,53,139,14,4682,83,,,,栓実施人数については、発表時点での怒握雪。なお、栓立件数は、84689件。隅性者数については、中国人渡航者2人を除く。また、再感染10人については、含めていない。検査実施人数には県内において遂い例または患者の次不接触者として検栓を行ったものについて掲載
2020/09/24 18:00,71793,5179,166,104,49,13,5,46,118,34,4727,83,,,,検査実施人数については、発表時点での把握数。なお、検査件数は、86734件。陽性者数については、中国人渡航者2人を除く。また、再感染10人については、含めていない。検査実施人数には県内において疑い例または起者の渡厚接触者として検査を行ったものについて掲載。
2020/09/25,72538,5217,158,97,47,14,3,46,108,38,4781,83,,,,"検査実施人数については、発表時点での把握数。なお、検査件数は、87,558件。陽性者数については、中国人渡航者2人を除く。また、再感染10人については、含めていない。検査実施人数には県内において疑い例または患者の濃厚接触者として検査を行ったものについて掲載。"
2020/09/26,73369,5241,156,97,45,14,2,45,116,24,4815,83,,,,"検査実施人数については、発表時点での把握数。なお、検査件数は、88,556件。陽性者数については、中国人渡航者2人を除く。また、再感染10人については、含めていない。検査実施人数には県内において疑い例または患者の濃厚接触者として検査を行ったものについて掲載。"
2020/09/27 18:00,74009,5290,152,94,43,15,3,39,114,49,4850,83,,,,検査実施人数については、発表時点での把握数。なお、検査件数は、89207件。陽性者数については、中国人渡航者2人を除く。また、再感染10人については、含めていない。検査実施人数には県内において疑い例または起者の渡厚接触者として検査を行ったものについて掲載。
2020/09/28,74449,5309,153,93,44,16,3,36,138,19,4877,83,,,,"検査実施人数については、発表時点での把握数。なお、検査件数は、89,804件。陽性者数については、中国人渡航者2人を除く。また、再感染10人については、含めていない。検査実施人数には県内において疑い例または患者の濃厚接触者として検査を行ったものについて掲載。"
2020/09/29,75800,5337,152,93,42,17,5,41,124,28,4903,84,,,,"検査実施人数については、発表時点での把握数。なお、検査件数は、91,170件。陽性者数については、中国人渡航者2人を除く。また、再感染10人については、含めていない。検査実施人数には県内において疑い例または患者の濃厚接触者として検査を行ったものについて掲載。"
2020/09/30,76727,5363,150,94,41,15,5,41,131,26,4924,86,,,,"検査実施人数については、発表時点での把握数。なお、検査件数は、92,379件。陽性者数については、中国人渡航者2人を除く。また、再感染10人については、含めていない。検査実施人数には県内において疑い例または患者の濃厚接触者として検査を行ったものについて掲載。"
2020/10/01 18:00,77400,5384,148,88,45,15,3,42,132,21,4952,86,,,,検査実施人数については、発表時点での把握数。なお、検査件数は、93074件。陽性者数については、中国人渡航者2人を除く。また、再感染10人については、含めていない。検査実施人数には県内において疑い例または起者の渡厚接触者として検査を行ったものについて掲載。
2020/10/02,78040,5403,136,84,39,13,4,39,135,19,4984,86,,,,"検査実施人数については、発表時点での把握数。なお、検査件数は、93,498件。陽性者数については、中国人渡航者2人を除く。また、再感染10人については、含めていない。検査実施人数には県内において疑い例または患者の濃厚接触者として検査を行ったものについて掲載。"
2020/10/03,78742,5419,130,75,42,13,4,37,122,16,5024,86,,,,"検査実施人数については、発表時点での把握数。なお、検査件数は、94,654件。陽性者数については、中国人渡航者2人を除く。また、再感染10人については、含めていない。検査実施人数には県内において疑い例または患者の濃厚接触者として検査を行ったものについて掲載。"
2020/10/04 18:00,79108,5437,130,74,44,12,3,39,127,18,5034,86,,,,検査実施人数については、発表時点での把握数。なお、検査件数は、95023件。陽性者数については、中国人渡航者2人を除く。また、再感染10人については、含めていない。検査実施人数には県内において疑い例または起者の渡厚接触者として検査を行ったものについて掲載。
2020/10/05,79389,5449,122,70,40,12,3,36,130,12,5060,86,,,,"検査実施人数については、発表時点での把握数。なお、検査件数は、95,328件。陽性者数については、中国人渡航者2人を除く。また、再感染10人については、含めていない。検査実施人数には県内において疑い例または患者の濃厚接触者として検査を行ったものについて掲載。"
2020/10/06,80350,5463,108,59,37,12,3,34,130,14,5085,89,,,,"検査実施人数については、発表時点での把握数。なお、検査件数は、96,539件。陽性者数については、中国人渡航者2人を除く。また、再感染10人については、含めていない。検査実施人数には県内において疑い例または患者の濃厚接触者として検査を行ったものについて掲載。"
2020/10/07,81271,5478,107,58,36,13,2,32,121,15,5112,89,,,,"検査実施人数については、発表時点での把握数。なお、検査件数は、97,494件。陽性者数については、中国人渡航者2人を除く。また、再感染10人については、含めていない。検査実施人数には県内において疑い例または患者の濃厚接触者として検査を行ったものについて掲載。"
2020/10/08,82828,5493,107,58,37,12,1,27,118,15,5136,89,,,,"検査実施人数については、発表時点での把握数。なお、検査件数は、99,189件。陽性者数については、中国人渡航者2人を除く。また、再感染10人については、含めていない。検査実施人数には県内において疑い例または患者の濃厚接触者として検査を行ったものについて掲載。"
2020/10/09,83343,5504,99,52,36,11,2,27,121,11,5155,89,,,,"検査実施人数については、発表時点での把握数。なお、検査件数は、99,832件。陽性者数については、中国人渡航者2人を除く。また、再感染10人については、含めていない。検査実施人数には県内において疑い例または患者の濃厚接触者として検査を行ったものについて掲載。"
2020/10/10,83697,5525,97,52,35,10,3,27,108,21,5179,90,,,,"検査実施人数については、発表時点での把握数。なお、検査件数は、100,292件。陽性者数については、中国人渡航者2人を除く。また、再感染10人については、含めていない。検査実施人数には県内において疑い例または患者の濃厚接触者として検査を行ったものについて掲載。"
2020/10/11,84316,5539,92,48,35,9,3,25,121,14,5193,91,,,,"検査実施人数については、発表時点での把握数。なお、検査件数は、100,929件。陽性者数については、中国人渡航者2人を除く。また、再感染10人については、含めていない。検査実施人数には県内において疑い例または患者の濃厚接触者として検査を行ったものについて掲載。"
2020/10/12,84673,5557,84,48,28,8,5,24,107,18,5228,91,,,,"検査実施人数については、発表時点での把握数。なお、検査件数は、101,350件。陽性者数については、中国人渡航者2人を除く。また、再感染10人については、含めていない。検査実施人数には県内において疑い例または患者の濃厚接触者として検査を行ったものについて掲載。"
2020/10/13,85912,5581,87,50,27,10,2,26,93,24,5258,91,,,,"検査実施人数については、発表時点での把握数。なお、検査件数は、102,684件。陽性者数については、中国人渡航者2人を除く。また、再感染10人については、含めていない。検査実施人数には県内において疑い例または患者の濃厚接触者として検査を行ったものについて掲載。"
2020/10/14,86751,5596,83,48,25,10,2,28,90,15,5287,91,,,,"検査実施人数については、発表時点での把握数。なお、検査件数は、103,543件。陽性者数については、中国人渡航者2人を除く。また、再感染10人については、含めていない。検査実施人数には県内において疑い例または患者の濃厚接触者として検査を行ったものについて掲載。"
2020/10/15,87290,5615,74,41,23,10,1,31,94,19,5305,91,,,,"検査実施人数については、発表時点での把握数。なお、検査件数は、104,099件。陽性者数については、中国人渡航者2人を除く。また、再感染10人については、含めていない。検査実施人数には県内において疑い例または患者の濃厚接触者として検査を行ったものについて掲載。"
2020/10/16,87811,5636,79,45,25,9,1,34,94,21,5316,91,,,,"検査実施人数については、発表時点での把握数。なお、検査件数は、104,673件。陽性者数については、中国人渡航者2人を除く。また、再感染10人については、含めていない。検査実施人数には県内において疑い例または患者の濃厚接触者として検査を行ったものについて掲載。"
2020/10/17,88536,5664,79,44,26,9,4,32,89,28,5341,91,,,,"検査実施人数については、発表時点での把握数。なお、検査件数は、105,412件。陽性者数については、中国人渡航者2人を除く。また、再感染10人については、含めていない。検査実施人数には県内において疑い例または患者の濃厚接触者として検査を行ったものについて掲載。"
2020/10/18,88963,5685,81,49,22,10,2,30,99,21,5361,91,,,,"検査実施人数については、発表時点での把握数。なお、検査件数は、106,241件。陽性者数については、中国人渡航者2人を除く。また、再感染10人については、含めていない。検査実施人数には県内において疑い例または患者の濃厚接触者として検査を行ったものについて掲載。"
2020/10/19,89287,5700,78,46,21,11,3,33,104,15,5376,91,,,,"検査実施人数については、発表時点での把握数。なお、検査件数は、106,626件。陽性者数については、中国人渡航者2人を除く。また、再感染10人については、含めていない。検査実施人数には県内において疑い例または患者の濃厚接触者として検査を行ったものについて掲載。"
2020/10/20,90514,5713,82,51,21,10,1,32,100,13,5394,91,,,,"検査実施人数については、発表時点での把握数。なお、検査件数は、108,002件。陽性者数については、中国人渡航者2人を除く。また、再感染10人については、含めていない。検査実施人数には県内において疑い例または患者の濃厚接触者として検査を行ったものについて掲載。"
2020/10/21,91443,5749,89,57,21,11,9,32,86,36,5406,91,,,,"検査実施人数については、発表時点での把握数。なお、検査件数は、108,973件。陽性者数については、中国人渡航者2人を除く。また、再感染10人については、含めていない。検査実施人数には県内において疑い例または患者の濃厚接触者として検査を行ったものについて掲載。"
2020/10/22,91971,5768,94,59,25,10,3,33,97,19,5430,92,,,,"検査実施人数については、発表時点での把握数。なお、検査件数は、109,684件。陽性者数については、中国人渡航者2人を除く。また、再感染10人については、含めていない。検査実施人数には県内において疑い例または患者の濃厚接触者として検査を行ったものについて掲載。"
2020/10/23,92555,5811,87,50,27,10,4,40,92,43,5453,92,,,,"検査実施人数については、発表時点での把握数。なお、検査件数は、110,311件。陽性者数については、中国人渡航者2人を除く。また、再感染10人については、含めていない。検査実施人数には県内において疑い例または患者の濃厚接触者として検査を行ったものについて掲載。"
2020/10/24,93063,5853,92,52,30,10,2,40,86,42,5499,92,,,,"検査実施人数については、発表時点での把握数。なお、検査件数は、110,840件。陽性者数については、中国人渡航者2人を除く。また、再感染10人については、含めていない。検査実施人数には県内において疑い例または患者の濃厚接触者として検査を行ったものについて掲載。"
2020/10/25,93722,5869,96,54,31,11,3,39,99,16,5524,92,,,,"検査実施人数については、発表時点での把握数。なお、検査件数は、111,631件。陽性者数については、中国人渡航者2人を除く。また、再感染10人については、含めていない。検査実施人数には県内において疑い例または患者の濃厚接触者として検査を行ったものについて掲載。"
2020/10/26,93923,5906,97,54,32,11,1,42,99,37,5538,92,,,,"検査実施人数については、発表時点での把握数。なお、検査件数は、112,039件。陽性者数については、中国人渡航者2人を除く。また、再感染10人については、含めていない。検査実施人数には県内において疑い例または患者の濃厚接触者として検査を行ったものについて掲載。"
2020/10/27,95251,5941,98,55,33,10,2,50,109,35,5555,92,,,,"検査実施人数については、発表時点での把握数。なお、検査件数は、113,379件。陽性者数については、中国人渡航者2人を除く。また、再感染10人については、含めていない。検査実施人数には県内において疑い例または患者の濃厚接触者として検査を行ったものについて掲載。"
2020/10/28,96089,5992,107,64,33,10,7,55,98,51,5580,94,,,,"検査実施人数については、発表時点での把握数。なお、検査件数は、114,255件。陽性者数については、中国人渡航者2人を除く。また、再感染10人については、含めていない。検査実施人数には県内において疑い例または患者の濃厚接触者として検査を行ったものについて掲載。"
2020/10/29,96926,6079,110,59,40,11,7,64,117,87,5600,94,,,,"検査実施人数については、発表時点での把握数。なお、検査件数は、115,218件。陽性者数については、中国人渡航者2人を除く。また、再感染10人については、含めていない。検査実施人数には県内において疑い例または患者の濃厚接触者として検査を行ったものについて掲載。"
2020/10/30,97852,6130,114,65,40,9,10,95,152,51,5613,95,,,,"検査実施人数については、発表時点での把握数。なお、検査件数は、116,226件。陽性者数については、中国人渡航者2人を除く。また、再感染10人については、含めていない。検査実施人数には県内において疑い例または患者の濃厚接触者として検査を行ったものについて掲載。"
2020/10/31,98303,6227,130,76,45,9,4,109,155,96,5637,96,,,,"検査実施人数については、発表時点での把握数。なお、検査件数は、116,779件。陽性者数については、中国人渡航者2人を除く。また、再感染10人については、含めていない。検査実施人数には県内において疑い例または患者の濃厚接触者として検査を行ったものについて掲載。"
2020/11/01,99251,6275,145,85,51,9,6,110,210,48,5660,96,,,,"検査実施人数については、発表時点での把握数。なお、検査件数は、117,751件。陽性者数については、中国人渡航者2人を除く。また、再感染10人については、含めていない。検査実施人数には県内において疑い例または患者の濃厚接触者として検査を行ったものについて掲載。"
2020/11/02,100228,6319,145,83,53,9,6,103,223,44,5702,96,,,,"検査実施人数については、発表時点での把握数。なお、検査件数は、118,799件。陽性者数については、中国人渡航者2人を除く。また、再感染10人については、含めていない。検査実施人数には県内において疑い例または患者の濃厚接触者として検査を行ったものについて掲載。"
2020/11/03,101585,6404,148,88,49,11,7,106,233,85,5729,96,,,,"検査実施人数については、発表時点での把握数。なお、検査件数は、120,271件。陽性者数については、中国人渡航者2人を除く。また、再感染10人については、含めていない。検査実施人数には県内において疑い例または患者の濃厚接触者として検査を行ったものについて掲載。"
2020/11/04,102238,6457,159,97,51,11,7,131,262,53,5749,96,,,,"検査実施人数については、発表時点での把握数。なお、検査件数は、120,934件。陽性者数については、中国人渡航者2人を除く。また、再感染10人については、含めていない。検査実施人数には県内において疑い例または患者の濃厚接触者として検査を行ったものについて掲載。"
2020/11/05,103369,6536,161,98,50,13,9,130,254,79,5806,97,,,,"検査実施人数については、発表時点での把握数。なお、検査件数は、122,100件。陽性者数については、中国人渡航者2人を除く。また、再感染10人については、含めていない。検査実施人数には県内において疑い例または患者の濃厚接触者として検査を行ったものについて掲載。"
2020/11/06,104509,6618,159,85,61,13,10,133,265,82,5872,97,,,,"検査実施人数については、発表時点での把握数。なお、検査件数は、123,448件。陽性者数については、中国人渡航者2人を除く。また、再感染10人については、含めていない。検査実施人数には県内において疑い例または患者の濃厚接触者として検査を行ったものについて掲載。"
2020/11/07,105343,6731,178,100,63,15,14,146,260,113,5923,97,,,,"検査実施人数については、発表時点での把握数。なお、検査件数は、124,452件。陽性者数については、中国人渡航者2人を除く。また、再感染10人については、含めていない。検査実施人数には県内において疑い例または患者の濃厚接触者として検査を行ったものについて掲載。"
2020/11/08,106326,6812,195,112,68,15,8,167,314,81,5949,98,,,,"検査実施人数については、発表時点での把握数。なお、検査件数は、125,489件。陽性者数については、中国人渡航者2人を除く。また、再感染10人については、含めていない。検査実施人数には県内において疑い例または患者の濃厚接触者として検査を行ったものについて掲載。"
2020/11/09,106996,6869,194,110,69,15,8,152,345,57,6015,98,,,,"検査実施人数については、発表時点での把握数。なお、検査件数は、126,228件。陽性者数については、中国人渡航者2人を除く。また、再感染10人については、含めていない。検査実施人数には県内において疑い例または患者の濃厚接触者として検査を行ったものについて掲載。"
2020/11/10,109029,7052,200,119,66,15,10,153,342,129,6120,98,,,,"検査実施人数については、発表時点での把握数。なお、検査件数は、128,731件。陽性者数については、中国人渡航者2人を除く。また、再感染10人及び名古屋市重複分4人については、含めていない。検査実施人数には県内において疑い例または患者の濃厚接触者として検査を行ったものについて掲載。"
2020/11/11,110598,7156,212,126,72,14,11,167,348,104,6214,100,,,,"検査実施人数については、発表時点での把握数。なお、検査件数は、130,753件。陽性者数については、中国人渡航者2人を除く。また、再感染10人及び名古屋市重複分4人については、含めていない。検査実施人数には県内において疑い例または患者の濃厚接触者として検査を行ったものについて掲載。"
2020/11/12,112032,7299,224,130,80,14,12,185,341,143,6294,100,,,,"検査実施人数については、発表時点での把握数。なお、検査件数は、132,280件。陽性者数については、中国人渡航者2人を除く。また、再感染10人及び名古屋市重複分4人については、含めていない。検査実施人数には県内において疑い例または患者の濃厚接触者として検査を行ったものについて掲載。"
2020/11/13,113195,7447,233,138,83,12,11,193,435,148,6327,100,,,,"検査実施人数については、発表時点での把握数。なお、検査件数は、133,467件。陽性者数については、中国人渡航者2人を除く。また、再感染10人及び名古屋市重複分4人については、含めていない。検査実施人数には県内において疑い例または患者の濃厚接触者として検査を行ったものについて掲載。"
2020/11/14,113664,7599,258,158,85,15,15,201,430,152,6443,100,,,,"検査実施人数については、発表時点での把握数。なお、検査件数は、134,110件。陽性者数については、中国人渡航者2人を除く。また、再感染10人及び名古屋市重複分4人については、含めていない。検査実施人数には県内において疑い例または患者の濃厚接触者として検査を行ったものについて掲載。"
2020/11/15,114475,7701,280,169,96,15,17,217,495,102,6490,100,,,,"検査実施人数については、発表時点での把握数。なお、検査件数は、134,974件。陽性者数については、中国人渡航者2人を除く。また、再感染10人及び名古屋市重複分4人については、含めていない。検査実施人数には県内において疑い例または患者の濃厚接触者として検査を行ったものについて掲載。"
2020/11/16,114785,7764,279,170,93,16,20,218,529,63,6555,100,,,,"検査実施人数については、発表時点での把握数。なお、検査件数は、135,537件。陽性者数については、中国人渡航者2人を除く。また、再感染10人及び名古屋市重複分4人については、含めていない。検査実施人数には県内において疑い例または患者の濃厚接触者として検査を行ったものについて掲載。"
2020/11/17,118189,7902,286,170,101,15,15,225,525,138,6612,101,,,,"検査実施人数については、発表時点での把握数。なお、検査件数は、139,002件。陽性者数については、中国人渡航者2人を除く。また、再感染10人及び名古屋市重複分4人については、含めていない。検査実施人数には県内において疑い例または患者の濃厚接触者として検査を行ったものについて掲載。"
2020/11/18,119953,8043,293,167,107,19,18,243,511,141,6734,103,,,,"検査実施人数については、発表時点での把握数。なお、検査件数は、140,926件。陽性者数については、中国人渡航者2人を除く。また、再感染10人及び名古屋市重複分4人については、含めていない。検査実施人数には県内において疑い例または患者の濃厚接触者として検査を行ったものについて掲載。"
2020/11/19,121305,8262,315,185,111,19,11,222,550,219,6841,104,,,,"検査実施人数については、発表時点での把握数。なお、検査件数は、142,546件。陽性者数については、中国人渡航者2人を除く。また、再感染10人及び名古屋市重複分4人については、含めていない。検査実施人数には県内において疑い例または患者の濃厚接触者として検査を行ったものについて掲載。"
2020/11/20,122758,8464,334,194,123,17,10,226,641,202,6947,104,,,,"検査実施人数については、発表時点での把握数。なお、検査件数は、144,252件。陽性者数については、中国人渡航者2人を除く。また、再感染10人及び名古屋市重複分4人については、含めていない。検査実施人数には県内において疑い例または患者の濃厚接触者として検査を行ったものについて掲載。"
2020/11/21,124076,8675,346,190,138,18,11,220,717,211,7065,105,,,,"検査実施人数については、発表時点での把握数。なお、検査件数は、145,499件。陽性者数については、中国人渡航者2人を除く。また、再感染10人及び名古屋市重複分4人については、含めていない。検査実施人数には県内において疑い例または患者の濃厚接触者として検査を行ったものについて掲載。"
2020/11/22,124749,8819,356,197,141,18,11,217,852,144,7133,106,,,,"検査実施人数については、発表時点での把握数。なお、検査件数は、146,183件。陽性者数については、中国人渡航者2人を除く。また、再感染10人及び名古屋市重複分4人については、含めていない。検査実施人数には県内において疑い例または患者の濃厚接触者として検査を行ったものについて掲載。"
2020/11/23,125338,8914,364,195,152,17,12,205,913,95,7216,109,,,,"検査実施人数については、発表時点での把握数。なお、検査件数は、146,777件。陽性者数については、中国人渡航者2人を除く。また、再感染10人及び名古屋市重複分4人については、含めていない。検査実施人数には県内において疑い例または患者の濃厚接触者として検査を行ったものについて掲載。"
2020/11/24,126390,9023,372,197,159,16,11,208,881,110,7331,110,,,,"検査実施人数については、発表時点での把握数。なお、検査件数は、147,885件。陽性者数については、中国人渡航者2人を除く。また、再感染11人及び名古屋市重複分4人については、含めていない。検査実施人数には県内において疑い例または患者の濃厚接触者として検査を行ったものについて掲載。"
2020/11/25,127454,9200,366,186,158,22,12,216,837,177,7479,113,,,,"検査実施人数については、発表時点での把握数。なお、検査件数は、149,197件。陽性者数については、中国人渡航者2人を除く。また、再感染11人及び名古屋市重複分4人については、含めていない。検査実施人数には県内において疑い例または患者の濃厚接触者として検査を行ったものについて掲載。"
2020/11/26,133582,9398,376,227,127,22,13,220,854,198,7624,113,,,,"検査実施人数については、発表時点での把握数。なお、検査件数は、155,643件。陽性者数については、中国人渡航者2人を除く。また、再感染11人及び名古屋市重複分4人については、含めていない。検査実施人数には県内において疑い例または患者の濃厚接触者として検査を行ったものについて掲載。"
2020/11/27,135512,9632,382,207,149,26,11,215,924,234,7751,115,,,,"検査実施人数については、発表時点での把握数。なお、検査件数は、157,719件。陽性者数については、中国人渡航者2人を除く。また、再感染11人及び名古屋市重複分4人については、含めていない。検査実施人数には県内において疑い例または患者の濃厚接触者として検査を行ったものについて掲載。"
2020/11/28,137226,9849,380,235,119,26,10,211,933,217,7983,115,,,,"検査実施人数については、発表時点での把握数。なお、検査件数は、159,517件。陽性者数については、中国人渡航者2人を除く。また、再感染11人及び名古屋市重複分4人については、含めていない。検査実施人数には県内において疑い例または患者の濃厚接触者として検査を行ったものについて掲載。"
2020/11/29,137845,10004,393,244,123,26,12,215,989,155,8124,116,,,,"検査実施人数については、発表時点での把握数。なお、検査件数は、160,136件。陽性者数については、中国人渡航者2人を除く。また、再感染11人及び名古屋市重複分4人については、含めていない。検査実施人数には県内において疑い例または患者の濃厚接触者として検査を行ったものについて掲載。"
2020/11/30,138351,10112,391,239,124,28,11,209,967,108,8307,119,,,,"検査実施人数については、発表時点での把握数。なお、検査件数は、160,770件。陽性者数については、中国人渡航者2人を除く。また、再感染11人及び名古屋市重複分4人については、含めていない。検査実施人数には県内において疑い例または患者の濃厚接触者として検査を行ったものについて掲載。"
2020/12/01,143080,10309,382,223,129,30,13,198,941,197,8457,121,,,,"検査実施人数については、発表時点での把握数。なお、検査件数は、165,548件。陽性者数については、中国人渡航者2人を除く。また、再感染11人及び名古屋市重複分4人については、含めていない。検査実施人数には県内において疑い例または患者の濃厚接触者として検査を行ったものについて掲載。"
2020/12/02,145746,10528,371,209,135,27,13,210,953,219,8640,122,,,,"検査実施人数については、発表時点での把握数。なお、検査件数は、168,302件。陽性者数については、中国人渡航者2人を除く。また、再感染11人及び名古屋市重複分4人については、含めていない。検査実施人数には県内において疑い例または患者の濃厚接触者として検査を行ったものについて掲載。"
2020/12/03,146985,10723,396,231,138,27,9,217,985,195,8798,123,,,,"検査実施人数については、発表時点での把握数。なお、検査件数は、169,802件。陽性者数については、中国人渡航者2人を除く。また、再感染11人及び名古屋市重複分4人については、含めていない。検査実施人数には県内において疑い例または患者の濃厚接触者として検査を行ったものについて掲載。"
2020/12/04,149044,10938,392,225,140,27,10,222,970,215,9002,127,,,,"検査実施人数については、発表時点での把握数。なお、検査件数は、171,978件。陽性者数については、中国人渡航者2人を除く。また、再感染11人及び名古屋市重複分4人については、含めていない。検査実施人数には県内において疑い例または患者の濃厚接触者として検査を行ったものについて掲載。"
2020/12/05,150594,11157,402,225,149,28,10,231,1003,219,9163,129,,,,"検査実施人数については、発表時点での把握数。なお、検査件数は、174,029件。陽性者数については、中国人渡航者2人を除く。また、再感染11人及び名古屋市重複分4人については、含めていない。検査実施人数には県内において疑い例または患者の濃厚接触者として検査を行ったものについて掲載。"
2020/12/06,151576,11327,418,238,152,28,12,243,1079,170,9273,132,,,,"検査実施人数については、発表時点での把握数。なお、検査件数は、175,070件。陽性者数については、中国人渡航者2人を除く。また、再感染11人及び名古屋市重複分4人については、含めていない。検査実施人数には県内において疑い例または患者の濃厚接触者として検査を行ったものについて掲載。"
2020/12/07,154096,11438,421,239,152,30,13,243,1102,111,9414,134,,,,"検査実施人数については、発表時点での把握数。なお、検査件数は、177,620件。陽性者数については、中国人渡航者2人を除く。また、再感染11人及び名古屋市重複分4人については、含めていない。検査実施人数には県内において疑い例または患者の濃厚接触者として検査を行ったものについて掲載。"
2020/12/08,159014,11636,423,245,150,28,13,262,1054,199,9547,138,,,,"検査実施人数については、発表時点での把握数。なお、検査件数は、182,902件。陽性者数については、中国人渡航者2人を除く。また、再感染12人及び名古屋市重複分4人については、含めていない。検査実施人数には県内において疑い例または患者の濃厚接触者として検査を行ったものについて掲載。"
2020/12/09,163171,11881,430,251,151,28,16,280,1055,245,9717,138,,,,"検査実施人数については、発表時点での把握数。なお、検査件数は、187,204件。陽性者数については、中国人渡航者2人を除く。また、再感染12人及び名古屋市重複分4人については、含めていない。検査実施人数には県内において疑い例または患者の濃厚接触者として検査を行ったものについて掲載。"
2020/12/10,166939,12123,466,284,154,28,17,291,1045,242,9922,140,,,,"検査実施人数については、発表時点での把握数。なお、検査件数は、191,024件。陽性者数については、中国人渡航者2人を除く。また、再感染12人及び名古屋市重複分4人については、含めていない。検査実施人数には県内において疑い例または患者の濃厚接触者として検査を行ったものについて掲載。"
2020/12/11,171112,12319,469,295,146,28,13,276,1109,196,10114,142,,,,"検査実施人数については、発表時点での把握数。なお、検査件数は、195,321件。陽性者数については、中国人渡航者2人を除く。また、再感染12人及び名古屋市重複分4人については、含めていない。検査実施人数には県内において疑い例または患者の濃厚接触者として検査を行ったものについて掲載。"
2020/12/12,172147,12525,466,290,149,27,11,288,1160,206,10251,143,,,,"検査実施人数については、発表時点での把握数。なお、検査件数は、196,481件。陽性者数については、中国人渡航者2人を除く。また、再感染12人及び名古屋市重複分4人については、含めていない。検査実施人数には県内において疑い例または患者の濃厚接触者として検査を行ったものについて掲載。"
2020/12/13,174066,12706,487,309,149,29,9,277,1215,181,10393,144,,,,"検査実施人数については、発表時点での把握数。なお、検査件数は、198,434件。陽性者数については、中国人渡航者2人を除く。また、再感染12人及び名古屋市重複分4人については、含めていない。検査実施人数には県内において疑い例または患者の濃厚接触者として検査を行ったものについて掲載。"
2020/12/14,174956,12820,499,315,152,32,15,277,1226,114,10544,145,,,,"検査実施人数については、発表時点での把握数。なお、検査件数は、199,526件。陽性者数については、中国人渡航者2人を除く。また、再感染12人及び名古屋市重複分4人については、含めていない。検査実施人数には県内において疑い例または患者の濃厚接触者として検査を行ったものについて掲載。"
2020/12/15,179644,13035,513,330,148,35,14,275,1137,216,10733,147,,,,"検査実施人数については、発表時点での把握数。なお、検査件数は、205,082件。陽性者数については、中国人渡航者2人を除く。また、再感染13人及び名古屋市重複分4人については、含めていない。検査実施人数には県内において疑い例または患者の濃厚接触者として検査を行ったものについて掲載。"
2020/12/16,181724,13282,505,326,142,37,13,272,1163,248,10931,150,,,,"検査実施人数については、発表時点での把握数。なお、検査件数は、207,638件。陽性者数については、中国人渡航者2人を除く。また、再感染14人及び名古屋市重複分4人については、含めていない。検査実施人数には県内において疑い例または患者の濃厚接触者として検査を行ったものについて掲載。"
2020/12/17,183674,13519,521,336,149,36,11,272,1195,238,11130,152,,,,"検査実施人数については、発表時点での把握数。なお、検査件数は、210,076件。陽性者数については、中国人渡航者2人を除く。また、再感染15人及び名古屋市重複分4人については、含めていない。検査実施人数には県内において疑い例または患者の濃厚接触者として検査を行ったものについて掲載。"
2020/12/18,187329,13737,505,322,149,34,12,256,1232,219,11357,156,,,,"検査実施人数については、発表時点での把握数。なお、検査件数は、214,346件。陽性者数については、中国人渡航者2人を除く。また、再感染16人及び名古屋市重複分4人については、含めていない。検査実施人数には県内において疑い例または患者の濃厚接触者として検査を行ったものについて掲載。"
2020/12/19,189789,13967,519,332,151,36,10,238,1231,230,11581,158,,,,"検査実施人数については、発表時点での把握数。なお、検査件数は、217,384件。陽性者数については、中国人渡航者2人を除く。また、再感染16人及び名古屋市重複分4人については、含めていない。検査実施人数には県内において疑い例または患者の濃厚接触者として検査を行ったものについて掲載。"
2020/12/20,189795,14127,531,351,145,35,8,221,1332,160,11712,163,,,,"検査実施人数については、発表時点での把握数。なお、検査件数は、217,060件。陽性者数については、中国人渡航者2人を除く。また、再感染16人及び名古屋市重複分4人については、含めていない。検査実施人数には県内において疑い例または患者の濃厚接触者として検査を行ったものについて掲載。"
2020/12/21,191320,14219,530,350,145,35,13,222,1300,92,11894,168,,,,"検査実施人数については、発表時点での把握数。なお、検査件数は、218,441件。陽性者数については、中国人渡航者2人を除く。また、再感染16人及び名古屋市重複分4人については、含めていない。検査実施人数には県内において疑い例または患者の濃厚接触者として検査を行ったものについて掲載。"
2020/12/22,195177,14409,518,334,145,39,12,224,1219,190,12072,174,,,,"検査実施人数については、発表時点での把握数。なお、検査件数は、222,833件。陽性者数については、中国人渡航者2人を除く。また、再感染16人及び名古屋市重複分4人については、含めていない。検査実施人数には県内において疑い例または患者の濃厚接触者として検査を行ったものについて掲載。"
2020/12/23,202051,14648,528,339,149,40,13,232,1155,239,12304,177,,,,"検査実施人数については、発表時点での把握数。なお、検査件数は、229,056件。陽性者数については、中国人渡航者2人を除く。また、再感染16人及び名古屋市重複分4人については、含めていない。検査実施人数には県内において疑い例または患者の濃厚接触者として検査を行ったものについて掲載。"
2020/12/24,205803,14918,526,343,144,39,21,209,1198,270,12509,185,,,,"検査実施人数については、発表時点での把握数。なお、検査件数は、233,205件。陽性者数については、中国人渡航者2人を除く。また、再感染16人及び名古屋市重複分4人については、含めていない。検査実施人数には県内において疑い例または患者の濃厚接触者として検査を行ったものについて掲載。"
2020/12/25,209867,15183,545,360,143,42,19,210,1237,265,12719,188,,,,"検査実施人数については、発表時点での把握数。なお、検査件数は、237,488件。陽性者数については、中国人渡航者2人を除く。また、再感染16人及び名古屋市重複分4人については、含めていない。検査実施人数には県内において疑い例または患者の濃厚接触者として検査を行ったものについて掲載。"
2020/12/26,211537,15448,567,382,145,40,19,228,1242,265,12933,194,,,,"検査実施人数については、発表時点での把握数。なお、検査件数は、239,201件。陽性者数については、中国人渡航者2人を除く。また、再感染16人及び名古屋市重複分4人については、含めていない。検査実施人数には県内において疑い例または患者の濃厚接触者として検査を行ったものについて掲載。"
2020/12/27,213895,15664,585,390,154,41,15,231,1304,216,13118,195,,,,"検査実施人数については、発表時点での把握数。なお、検査件数は、241,614件。陽性者数については、中国人渡航者2人を除く。また、再感染16人及び名古屋市重複分4人については、含めていない。検査実施人数には県内において疑い例または患者の濃厚接触者として検査を行ったものについて掲載。"
2020/12/28,215932,15786,603,403,159,41,19,224,1287,122,13329,202,,,,"検査実施人数については、発表時点での把握数。なお、検査件数は、243,875件。陽性者数については、中国人渡航者2人を除く。また、再感染16人及び名古屋市重複分4人については、含めていない。検査実施人数には県内において疑い例または患者の濃厚接触者として検査を行ったものについて掲載。"
2020/12/29,222149,16021,593,391,163,39,22,223,1285,235,13457,206,,,,"検査実施人数については、発表時点での把握数。なお、検査件数は、250,190件。陽性者数については、中国人渡航者2人を除く。また、再感染16人及び名古屋市重複分4人については、含めていない。検査実施人数には県内において疑い例または患者の濃厚接触者として検査を行ったものについて掲載。"
2020/12/30,225251,16315,609,396,173,40,20,235,1352,294,13596,209,,,,"検査実施人数については、発表時点での把握数。なお、検査件数は、253,600件。陽性者数については、中国人渡航者2人を除く。また、再感染16人及び名古屋市重複分4人については、含めていない。検査実施人数には県内において疑い例または患者の濃厚接触者として検査を行ったものについて掲載。"
2020/12/31,226087,16554,620,407,174,39,23,220,1441,239,13797,214,,,,"検査実施人数については、発表時点での把握数。なお、検査件数は、254,510件。陽性者数については、中国人渡航者2人を除く。また、再感染16人及び名古屋市重複分4人については、含めていない。検査実施人数には県内において疑い例または患者の濃厚接触者として検査を行ったものについて掲載。"
2021/01/01,227469,16747,619,403,177,39,27,220,1496,193,13976,216,,,,"検査実施人数については、発表時点での把握数。なお、検査件数は、255,939件。陽性者数については、中国人渡航者2人を除く。また、再感染16人及び名古屋市重複分4人については、含めていない。検査実施人数には県内において疑い例または患者の濃厚接触者として検査を行ったものについて掲載。"
2021/01/02,227851,16905,638,410,188,40,24,217,1518,158,14129,221,,,,"検査実施人数については、発表時点での把握数。なお、検査件数は、256,401件。陽性者数については、中国人渡航者2人を除く。また、再感染16人及び名古屋市重複分4人については、含めていない。検査実施人数には県内において疑い例または患者の濃厚接触者として検査を行ったものについて掲載。"
2021/01/03,229351,17090,645,422,185,38,22,218,1408,185,14385,227,,,,"検査実施人数については、発表時点での把握数。なお、検査件数は、257,995件。陽性者数については、中国人渡航者2人を除く。また、再感染16人及び名古屋市重複分4人については、含めていない。検査実施人数には県内において疑い例または患者の濃厚接触者として検査を行ったものについて掲載。"
2021/01/04,231862,17242,659,430,190,39,22,221,1415,152,14541,232,,,,"検査実施人数については、発表時点での把握数。なお、検査件数は、260,686件。陽性者数については、中国人渡航者2人を除く。また、再感染16人及び名古屋市重複分4人については、含めていない。検査実施人数には県内において疑い例または患者の濃厚接触者として検査を行ったものについて掲載。"
2021/01/05,236832,17515,649,421,190,38,27,232,1329,273,14766,239,,,,"検査実施人数については、発表時点での把握数。なお、検査件数は、266,053件。陽性者数については、中国人渡航者2人を除く。また、再感染16人及び名古屋市重複分4人については、含めていない。検査実施人数には県内において疑い例または患者の濃厚接触者として検査を行ったものについて掲載。"
2021/01/06 20:00,241162,17879,672,421,211,40,19,237,1309,364,15030,248,,,,検査実施人数には県内において疑い例または起者の渡厚接触者として検査を行ったものについて掲載。
2021/01/07,245700,18310,693,437,215,41,18,229,1432,431,15251,256,,,,"検査実施人数については、発表時点での把握数。なお、検査件数は、275,733件。陽性者数については、中国人渡航者2人を除く。また、再感染16人及び名古屋市重複分4人については、含めていない。検査実施人数には県内において疑い例または患者の濃厚接触者として検査を行ったものについて掲載。"
2021/01/08,250166,18715,673,411,215,47,23,253,1624,405,15474,263,,,,"検査実施人数については、発表時点での把握数。なお、検査件数は、280,398件。陽性者数については、中国人渡航者2人を除く。また、再感染16人及び名古屋市重複分4人については、含めていない。検査実施人数には県内において疑い例または患者の濃厚接触者として検査を行ったものについて掲載。"
2021/01/09,252307,19077,688,412,227,49,26,260,1841,362,15634,266,,,,"検査実施人数については、発表時点での把握数。なお、検査件数は、282,623件。陽性者数については、中国人渡航者2人を除く。また、再感染16人及び名古屋市重複分4人については、含めていない。検査実施人数には県内において疑い例または患者の濃厚接触者として検査を行ったものについて掲載。"
2021/01/10,256511,19420,692,415,229,48,23,268,1962,343,15857,275,,,,"検査実施人数については、発表時点での把握数。なお、検査件数は、287,010件。陽性者数については、中国人渡航者2人を除く。また、再感染16人及び名古屋市重複分4人については、含めていない。検査実施人数には県内において疑い例または患者の濃厚接触者として検査を行ったものについて掲載。"
2021/01/11,258496,19616,696,423,224,49,15,272,2142,198,16014,279,,,,"検査実施人数については、発表時点での把握数。なお、検査件数は、289,214件。陽性者数については、中国人渡航者2人を除く。また、再感染18人及び名古屋市重複分4人については、含めていない。検査実施人数には県内において疑い例または患者の濃厚接触者として検査を行ったものについて掲載。"
2021/01/12 20:00,261916,19747,702,428,223,51,20,272,2162,132,16171,288,,,,検査実誠人数には県内において既い例または天者の遂厄接触者として検査を行ったものについて掲載。
2021/01/13 20:00,270425,20066,702,430,215,57,25,280,2059,319,16384,297,,,,栓並実施人数には県内において半い例または刻有の追肥接触者として検音を行ったものについて持載
2021/01/14,274141,20377,668,395,216,57,23,257,2189,312,16623,305,,,,"検査実施人数については、発表時点での把握数。なお、検査件数は、305,667件。陽性者数については、中国人渡航者2人を除く。また、再感染20人及び名古屋市重複分4人については、含めていない。検査実施人数には県内において疑い例または患者の濃厚接触者として検査を行ったものについて掲載。"
2021/01/15,278335,20729,668,402,209,57,20,269,2213,352,16891,316,,,,"検査実施人数については、発表時点での把握数。なお、検査件数は、310,126件。陽性者数については、中国人渡航者2人を除く。また、再感染20人及び名古屋市重複分4人については、含めていない。検査実施人数には県内において疑い例または患者の濃厚接触者として検査を行ったものについて掲載。"
2021/01/16,280099,21051,683,415,211,57,21,240,2323,323,17144,317,,,,"検査実施人数については、発表時点での把握数。なお、検査件数は、311,963件。陽性者数については、中国人渡航者2人を除く。また、再感染21人及び名古屋市重複分4人については、含めていない。検査実施人数には県内において疑い例または患者の濃厚接触者として検査を行ったものについて掲載。"
2021/01/17 20:00,281244,21269,710,425,227,58,18,238,2362,218,17400,323,,,,栓並実施人数には県内において半い例または刻有の追肥接触者として検音を行ったものについて持載
2021/01/18,284238,21420,720,431,229,60,22,219,2291,151,17687,330,,,,"検査実施人数については、発表時点での把握数。なお、検査件数は、316,540件。陽性者数については、中国人渡航者2人を除く。また、再感染21人及び名古屋市重複分4人については、含めていない。検査実施人数には県内において疑い例または患者の濃厚接触者として検査を行ったものについて掲載。"
2021/01/19,289376,21666,697,419,224,54,20,233,2193,246,17940,337,,,,"検査実施人数については、発表時点での把握数。なお、検査件数は、322,056件。陽性者数については、中国人渡航者2人を除く。また、再感染21人及び名古屋市重複分4人については、含めていない。検査実施人数には県内において疑い例または患者の濃厚接触者として検査を行ったものについて掲載。"
2021/01/20,294197,21911,723,446,225,52,23,267,2132,246,18179,341,,,,"検査実施人数については、発表時点での把握数。なお、検査件数は、327,432件。陽性者数については、中国人渡航者2人を除く。また、再感染22人及び名古屋市重複分4人については、含めていない。検査実施人数には県内において疑い例または患者の濃厚接触者として検査を行ったものについて掲載。"
2021/01/21,297466,22181,696,419,222,55,23,298,2079,270,18466,349,,,,"検査実施人数については、発表時点での把握数。なお、検査件数は、330,913件。陽性者数については、中国人渡航者2人を除く。また、再感染22人及び名古屋市重複分4人については、含めていない。検査実施人数には県内において疑い例または患者の濃厚接触者として検査を行ったものについて掲載。"
2021/01/22,301071,22427,715,431,226,58,25,303,2010,246,18774,354,,,,"検査実施人数については、発表時点での把握数。なお、検査件数は、334,738件。陽性者数については、中国人渡航者2人を除く。また、再感染22人及び名古屋市重複分4人については、含めていない。検査実施人数には県内において疑い例または患者の濃厚接触者として検査を行ったものについて掲載。"
2021/01/23 20:00,304160,22673,694,416,215,63,24,299,1964,246,19088,358,,,,同性者数については、中国人渡航者2人を除く。また、吾感疫22人及び名古屋市名窒分4人については、検査実施人数には県内において疑い例または悪者の温外接触者として検査を行ったものについて掲載。
2021/01/24,305835,22837,709,446,201,62,24,287,1841,164,19448,364,,,,"検査実施人数については、発表時点での把握数。なお、検査件数は、339,820件。陽性者数については、中国人渡航者2人を除く。また、再感染22人及び名古屋市重複分4人については、含めていない。検査実施人数には県内において疑い例または患者の濃厚接触者として検査を行ったものについて掲載。"
2021/01/25,308718,22926,719,453,201,65,25,259,1714,89,19752,368,,,,"検査実施人数については、発表時点での把握数。なお、検査件数は、342,980件。陽性者数については、中国人渡航者2人を除く。また、再感染22人及び名古屋市重複分4人については、含めていない。検査実施人数には県内において疑い例または患者の濃厚接触者として検査を行ったものについて掲載。"
2021/01/26,317728,23141,718,441,210,67,24,247,1501,215,20061,375,,,,"検査実施人数については、発表時点での把握数。なお、検査件数は、352,159件。陽性者数については、中国人渡航者2人を除く。また、再感染22人及び名古屋市重複分4人については、含めていない。検査実施人数には県内において疑い例または患者の濃厚接触者として検査を行ったものについて掲載。"
2021/01/27 20:00,321675,23368,698,429,204,65,20,237,1539,227,20268,379,,,,検査実攻人数には県内においてい例または走者の油接角者として検査を行ったものについて掲載。
2021/01/28,325040,23612,718,433,222,63,18,249,1519,244,20476,388,,,,"検査実施人数については、発表時点での把握数。なお、検査件数は、360,102件。陽性者数については、中国人渡航者2人を除く。また、再感染22人及び名古屋市重複分4人については、含めていない。検査実施人数には県内において疑い例または患者の濃厚接触者として検査を行ったものについて掲載。"
2021/01/29,328396,23775,706,427,220,59,16,234,1496,164,20765,394,,,,"検査実施人数については、発表時点での把握数。なお、検査件数は、363,788件。陽性者数については、中国人渡航者2人を除く。また、再感染23人及び名古屋市重複分4人については、含めていない。検査実施人数には県内において疑い例または患者の濃厚接触者として検査を行ったものについて掲載。"
2021/01/30,330889,23901,724,455,211,58,17,224,1400,126,21014,396,,,,"検査実施人数については、発表時点での把握数。なお、検査件数は、366,412件。陽性者数については、中国人渡航者2人を除く。また、再感染23人及び名古屋市重複分4人については、含めていない。検査実施人数には県内において疑い例または患者の濃厚接触者として検査を行ったものについて掲載。"
2021/01/31 20:00,332387,24022,713,443,214,56,23,216,1342,121,21207,400,,,,検査実放人数には県内においてい例または走者の沖厄接角者として検査を行ったものについて掲載。
2021/02/01,334319,24101,697,433,210,54,21,217,1344,80,21337,405,,,,"検査実施人数については、発表時点での把握数。なお、検査件数は、370,103件。陽性者数については、中国人渡航者2人を除く。また、再感染24人及び名古屋市重複分4人については、含めていない。検査実施人数には県内において疑い例または患者の濃厚接触者として検査を行ったものについて掲載。"
2021/02/02,340419,24202,699,445,194,60,20,201,1214,101,21557,410,,,,"検査実施人数については、発表時点での把握数。なお、検査件数は、376,527件。陽性者数については、中国人渡航者2人を除く。また、再感染24人及び名古屋市重複分4人については、含めていない。検査実施人数には県内において疑い例または患者の濃厚接触者として検査を行ったものについて掲載。"
2021/02/03,343178,24316,684,419,203,62,22,199,1121,114,21756,420,,,,"検査実施人数については、発表時点での把握数。なお、検査件数は、379,429件。陽性者数については、中国人渡航者2人を除く。また、再感染24人及び名古屋市重複分4人については、含めていない。検査実施人数には県内において疑い例または患者の濃厚接触者として検査を行ったものについて掲載。"
2021/02/04,346482,24417,638,384,199,55,19,175,1080,101,21975,429,,,,"検査実施人数については、発表時点での把握数。なお、検査件数は、383,023件。陽性者数については、中国人渡航者2人を除く。また、再感染24人及び名古屋市重複分4人については、含めていない。検査実施人数には県内において疑い例または患者の濃厚接触者として検査を行ったものについて掲載。"
2021/02/05 20:00,349747,24503,627,383,193,51,19,153,1008,86,22174,436,,,,"国土本""信田麗四基gN届SI。四過。国還IGEDRE本ii本昌囚一6-避全。P(17人)、4U(23人)1(30人)、W(20人)、D(20人)、4M(33人)R(71入)、T(69和)、し(19和人)A(35和人)、B(53人)、Q(32人)、$(30和)、V(30人)H(20入)、」(43和人)、K(32和)、3M(52人)X(15和)、A(26和)、B(11和)0(33入)、P(23和)、Q(23人)、3U(16人)C(27)、E(38和)、F(29和)V(49入)、X(20入)、Y(120入)、3Z(26入)@(14和)、H(33和)、1(11入)A(28和人)、B(18入)、C(16入)、4E(24人))(18和人)、K(30和)、L(14和)F(33人)、G(29人)、4H(22人)、41(26入})M(10入)N(12人人)、4W(11和)"
2021/02/06 20:00,351667,24623,570,335,187,48,15,147,938,120,22390,443,,,,団還計本一コ1信田国四基古EN過札四国加IENIEIDRE本ii本昌囚一6-名計。P(17人)、4U(23人)1(30人)、W(20人)、D(20人)、M(33人)A(35和人)、B(53人)、(21人)R(71和)、し(19人)、Q(32人)H(20入)、」(43和人)、KG12和人)、M(52人)S(30和)、V(30人)、X(15信)0(33入)、P(23和)、Q(23和人)、T(69人)A(26和)、8(13入)、C(27入)U(16入)、V(49入)、X(20和人)、YG20入)E(38人)、F(31入)、Z(26人)、A(28人)、B(8入)、C(G6和人)H(33人)、1(11人)、」(18入)E(24人)、G(29人)、H(22和人)K(34和人)、L(15人)、M(11入)1(26和人)、N(12和)、4W(11和)
2021/02/07,352913,24695,575,327,200,48,13,139,881,72,22565,450,,,,"検査実施人数については、発表時点での把握数。なお、検査件数は、389,924件。陽性者数については、中国人渡航者2人を除く。また、再感染24人及び名古屋市重複分4人については、含めていない。検査実施人数には県内において疑い例または患者の濃厚接触者として検査を行ったものについて掲載。"
2021/02/08,354957,24738,557,319,190,48,10,137,799,43,22738,454,,,,"検査実施人数については、発表時点での把握数。なお、検査件数は、392,202件。陽性者数については、中国人渡航者2人を除く。また、再感染24人及び名古屋市重複分4人については、含めていない。検査実施人数には県内において疑い例または患者の濃厚接触者として検査を行ったものについて掲載。"
2021/02/09,360370,24822,537,325,167,45,11,114,753,84,22863,460,,,,"検査実施人数については、発表時点での把握数。なお、検査件数は、397,907件。陽性者数については、中国人渡航者2人を除く。また、再感染24人及び名古屋市重複分4人については、含めていない。検査実施人数には県内において疑い例または患者の濃厚接触者として検査を行ったものについて掲載。"
2021/02/10 18:00,363873,24936,526,307,177,42,12,124,691,114,23004,465,,,,"国土本""信田麗四基gN届SI。四過。国還IGEDRE本ii本昌囚一6-避全。1(30人)、W(20人)、4D(20人)、4M(33人)P(17人)、U(23人)R(71入)、し(20和人)、①(32和)A(35和人)、B(53人)、$(31人)、V(30和)、X(15和人)H(20入)、」(43和人)、K(32和)、3M(52人)A(26人)、8(18入)、C(28和)0(33入)、P(23和)、Q(23人)、3T(69人)E(43入)、F(34和)、G(16和)U(16入)、V(49入)、X(20入)YG20入)H(33人)、1(11入)、』」(19和)Z(26人)、A(28人)、B(t8入)、4C(36和人)K(49人)、L(15人)、M(13入}E(24人)、G(29人)、H(22和人)N(13和)1(26和人)、N(12和)、4W(11和)"
2021/02/11 18:00,365760,25016,517,303,176,38,9,120,708,80,23112,470,,,,"国土本""信田麗四基gN届SI。四過。国還IGEDRE本ii本昌囚一6-避全。3W(20人)、4D(20人)、4M(33人)P(17人)、4(23人)A(35人)、3B(53人)、3C(62人)、3F(21人)し(20入)、Q(32人)、S(31和人)H(20和人)、3」(41人)、3K(12人人)、3M(52和人)A(26和)、8(28和)、C(28入)0(33和人)、3P(23和人)、30(23和)、3R(71和人)E(44入)、F(34入)、G(16入)T(69和人)、3U(16人人)、3V(49和)、3X(20和人)H(33和人)、1(11入)、」(19入)Y(120人)、3Z(26人)、4A(28人)、4B(18和)K(49入)、L(15人)、M(14入}C(16入)、9E(24人)、4F(33和人)、4G(29入)N(13和)、O(10人)H(22和人)、4[(26人)、4N(12和)、4V(30和人)W(11人)、4X(15入)"
2021/02/12 18:00,368759,25069,519,314,168,37,4,116,664,53,23242,471,,,,1(30人)、3W(20人)、4D(20人)、4M(33人)P(17人)、U(23人)A(35入)、8(53人)、し(20)、Q(32和)、S(33和)H(20人)、」(41人)、K(12人)、3人M(52人)A(26人)、B(42人)、C(28和)0(33人)、P(23人)、Q(23人)、3R(71人)E(44人)、F(34人)、T(69人)、U(16人)、V(49人)、3X(20和人)H(33和人)、1(11人)、J(19和)Y(⑪20人)Z(26入)A(28人)、4B(18入)K(50和人)、M(14入)C(16人)、E(24人)、F(33人)、4G(29和人)N(13和)、O(10和人)H(22人)、1(26和人)、N(12和人)、4V(30和)W(11人)、X(15人)E(21人)、
2021/02/13,370467,25128,506,307,163,36,11,112,571,59,23394,475,,,,"検査実施人数については、発表時点での把握数。なお、検査件数は、408,814件。陽性者数については、中国人渡航者2人を除く。また、再感染24人及び名古屋市重複分4人については、含めていない。検査実施人数には県内において疑い例または患者の濃厚接触者として検査を行ったものについて掲載。"
2021/02/14,371176,25205,502,310,156,36,9,120,525,77,23494,478,,,,"検査実施人数については、発表時点での把握数。なお、検査件数は、409,555件。陽性者数については、中国人渡航者2人を除く。また、再感染24人及び名古屋市重複分4人については、含めていない。検査実施人数には県内において疑い例または患者の濃厚接触者として検査を行ったものについて掲載。"
2021/02/15 18:00,373767,25247,493,306,152,35,8,117,513,42,23592,482,,,,団還計本一コ1信田国四基古EN過札四国加IENIEIDRE本ii本昌囚一6-名計。3W(20人)、4D(20人)、4M(33人)P(17人)、4(23人)A(35人)、3B(53人)、3C(62人)、3F(21人)し(20入)、Q(32人)、4S(31和)H(20和人)、3」(41人)、3K(12人人)、3M(52和人)A(26和)、B(45人)、5C(28和人)0(33和人)、3P(23和人)、30(23和)、3R(71和人)E(45和)、F(36人)、5G(16和)T(69和人)、3U(16人人)、3V(49和)、3X(20和人)H(33和人)、J(19入)、5K(55人)Y(120人)、3Z(26人)、4A(28人)、4B(18和)L(15人)、M(14和人)、N(17入)C(16入)、9E(24人)、4F(33和人)、4G(29入)0(10人)H(22和人)、4[(26人)、4N(12和)、4V(30和人)W(11人)、4X(15人)、51(31人)
2021/02/16,378720,25310,461,286,140,35,9,102,485,63,23703,487,,,,"検査実施人数については、発表時点での把握数。なお、検査件数は、417,607件。陽性者数については、中国人渡航者2人を除く。また、再感染24人及び名古屋市重複分4人については、含めていない。検査実施人数には県内において疑い例または患者の濃厚接触者として検査を行ったものについて掲載。"
2021/02/17 18:00,381287,25391,429,273,122,34,5,101,457,81,23826,492,,,,検査実施人数には県内において疑い例または起者の渡厚接触者として検査を行ったものについて掲載。
2021/02/18 18:00,384155,25442,416,271,112,33,9,94,453,51,23921,498,,,,検査実施人数には県内においてい例または走者の洪夷接触者として検査を行ったものについて掲載。
2021/02/19,386389,25491,390,244,117,29,12,90,416,51,24031,501,,,,"検査実施人数については、発表時点での把握数。なお、検査件数は、425,830件。陽性者数については、中国人渡航者2人を除く。また、再感染25人、名古屋市重複分4人及び患者発生取り下げ1人については、含めていない。検査実施人数には県内において疑い例または患者の濃厚接触者として検査を行ったものについて掲載。"
2021/02/20,387954,25537,386,248,109,29,9,82,404,46,24108,502,,,,"検査実施人数については、発表時点での把握数。なお、検査件数は、427,568件。陽性者数については、中国人渡航者2人を除く。また、再感染25人、名古屋市重複分4人及び患者発生取り下げ1人については、含めていない。検査実施人数には県内において疑い例または患者の濃厚接触者として検査を行ったものについて掲載。"
2021/02/21,388942,25569,373,238,106,29,8,74,390,33,24185,506,,,,"検査実施人数については、発表時点での把握数。なお、検査件数は、428,606件。陽性者数については、中国人渡航者2人を除く。また、再感染26人、名古屋市重複分4人及び患者発生取り下げ1人については、含めていない。検査実施人数には県内において疑い例または患者の濃厚接触者として検査を行ったものについて掲載。"
2021/02/22,390768,25599,368,233,104,31,5,66,358,30,24262,510,,,,"検査実施人数については、発表時点での把握数。なお、検査件数は、430,535件。陽性者数については、中国人渡航者2人を除く。また、再感染26人、名古屋市重複分4人及び患者発生取り下げ1人については、含めていない。検査実施人数には県内において疑い例または患者の濃厚接触者として検査を行ったものについて掲載。"
2021/02/23 18:00,391586,25650,364,233,100,31,6,67,267,51,24384,511,,,,0[画m。BsTgmY。回]面失!。国図っ]B(45和人)、5C(28人)、5E(65入)F(37人)、56G(16人)、5K(59入)M(14和人)、5N(17和人)、50(10和人)P(19人)、50(26和人)回0[PE内生ロRSほ-記本]BZ日O症KTL自0[台日て5ロコEKggUggK]
2021/02/24,395700,25696,363,230,101,32,3,63,259,46,24448,514,,,,"検査実施人数については、発表時点での把握数。なお、検査件数は、435,807件。陽性者数については、中国人渡航者2人を除く。また、再感染26人、名古屋市重複分4人及び患者発生取り下げ1人については、含めていない。検査実施人数には県内において疑い例または患者の濃厚接触者として検査を行ったものについて掲載。"
2021/02/25,398072,25737,348,213,104,31,2,60,247,41,24524,515,,,,"検査実施人数については、発表時点での把握数。なお、検査件数は、438,550件。陽性者数については、中国人渡航者2人を除く。また、再感染27人、重複分5人及び患者発生届取り下げ2人については、含めていない。検査実施人数には県内において疑い例または患者の濃厚接触者として検査を行ったものについて掲載。"
2021/02/26,400330,25777,333,203,97,33,3,52,231,40,24601,517,,,,"検査実施人数については、発表時点での把握数。なお、検査件数は、440,956件。陽性者数については、中国人渡航者2人を除く。また、再感染27人、重複分5人及び患者発生届取り下げ2人については、含めていない。検査実施人数には県内において疑い例または患者の濃厚接触者として検査を行ったものについて掲載。"
2021/02/27,401612,25830,331,207,93,31,4,62,207,53,24655,518,,,,"検査実施人数については、発表時点での把握数。なお、検査件数は、442,315件。陽性者数については、中国人渡航者2人を除く。また、再感染27人、重複分5人及び患者発生届取り下げ2人については、含めていない。検査実施人数には県内において疑い例または患者の濃厚接触者として検査を行ったものについて掲載。"
2021/02/28,402533,25861,338,211,96,31,0,62,222,31,24690,518,,,,"検査実施人数については、発表時点での把握数。なお、検査件数は、443,301件。陽性者数については、中国人渡航者2人を除く。また、再感染27人、重複分5人及び患者発生届取り下げ2人については、含めていない。検査実施人数には県内において疑い例または患者の濃厚接触者として検査を行ったものについて掲載。"
2021/03/01,404992,25892,327,196,100,31,0,60,202,32,24749,522,,,,"検査実施人数については、発表時点での把握数。なお、検査件数は、445,925件。陽性者数については、中国人渡航者2人を除く。また、再感染28人、重複分5人及び患者発生届取り下げ2人については、含めていない。検査実施人数には県内において疑い例または患者の濃厚接触者として検査を行ったものについて掲載。"
2021/03/02,409230,25925,323,197,93,33,3,60,189,34,24790,526,,,,"検査実施人数については、発表時点での把握数。なお、検査件数は、450,309件。陽性者数については、中国人渡航者2人を除く。また、再感染29人、重複分5人及び患者発生届取り下げ2人については、含めていない。検査実施人数には県内において疑い例または患者の濃厚接触者として検査を行ったものについて掲載。"
2021/03/03,411118,25980,307,184,91,32,2,61,150,55,24874,531,,,,"検査実施人数については、発表時点での把握数。なお、検査件数は、452,333件。陽性者数については、中国人渡航者2人を除く。また、再感染29人、重複分5人及び患者発生届取り下げ2人については、含めていない。検査実施人数には県内において疑い例または患者の濃厚接触者として検査を行ったものについて掲載。"
2021/03/04,413057,26048,293,181,83,29,2,58,165,68,24927,535,,,,"検査実施人数については、発表時点での把握数。なお、検査件数は、454,387件。陽性者数については、中国人渡航者2人を除く。また、再感染29人、重複分5人及び患者発生届取り下げ2人については、含めていない。検査実施人数には県内において疑い例または患者の濃厚接触者として検査を行ったものについて掲載。"
2021/03/05,415575,26098,298,181,88,29,2,67,162,50,24981,538,,,,"検査実施人数については、発表時点での把握数。なお、検査件数は、457,054件。陽性者数については、中国人渡航者2人を除く。また、再感染29人、重複分5人及び患者発生届取り下げ2人については、含めていない。検査実施人数には県内において疑い例または患者の濃厚接触者として検査を行ったものについて掲載。"
2021/03/06,417061,26133,293,175,89,29,1,70,167,35,25027,540,,,,"検査実施人数については、発表時点での把握数。なお、検査件数は、458,639件。陽性者数については、中国人渡航者2人を除く。また、再感染29人、重複分5人及び患者発生届取り下げ2人については、含めていない。検査実施人数には県内において疑い例または患者の濃厚接触者として検査を行ったものについて掲載。"
2021/03/07,417623,26160,287,165,92,30,0,78,167,27,25060,541,,,,"検査実施人数については、発表時点での把握数。なお、検査件数は、459,205件。陽性者数については、中国人渡航者2人を除く。また、再感染29人、重複分5人及び患者発生届取り下げ2人については、含めていない。検査実施人数には県内において疑い例または患者の濃厚接触者として検査を行ったものについて掲載。"
2021/03/08,420223,26168,278,159,89,30,0,74,163,8,25101,544,,,,"検査実施人数については、発表時点での把握数。なお、検査件数は、461,972件。陽性者数については、中国人渡航者2人を除く。また、再感染29人、重複分5人及び患者発生届取り下げ2人については、含めていない。検査実施人数には県内において疑い例または患者の濃厚接触者として検査を行ったものについて掲載。"
2021/03/09,424399,26207,260,155,79,26,1,70,145,39,25147,545,,,,"検査実施人数については、発表時点での把握数。なお、検査件数は、466,307件。陽性者数については、中国人渡航者2人を除く。また、再感染29人、重複分5人及び患者発生届取り下げ2人については、含めていない。検査実施人数には県内において疑い例または患者の濃厚接触者として検査を行ったものについて掲載。"
2021/03/10 18:00,427203,26251,239,137,76,26,1,76,136,44,25207,548,,,,検実人数については、発表時点での季語数。なお、検蘭件数は、469206人骨性者数については、中国人渡航者2人を隙く。また、再感到29人、項複分5人及び検査容施人数には喝内において疑い還または捉者の油古接触者として検査を行ったものについて掲載。
2021/03/11 18:00,430198,26317,236,142,70,24,0,78,133,66,25253,551,,,,検将実即人数については、発表時点での把王数。なお、検欄件数は、472347件骨性者数については、中国人渡航者2人を隙く。また、再感到29人、項複分5人及び検査容施人数には喝内において疑い還または捉者の油古接触者として検査を行ったものについて掲載。
2021/03/12,432426,26369,234,145,67,22,1,81,148,52,25299,554,,,,"検査実施人数については、発表時点での把握数。なお、検査件数は、474,720件。陽性者数については、中国人渡航者2人を除く。また、再感染29人、重複分5人及び患者発生届取り下げ2人については、含めていない。検査実施人数には県内において疑い例または患者の濃厚接触者として検査を行ったものについて掲載。"
2021/03/13,433812,26424,237,144,75,18,3,90,149,55,25334,556,,,,"検査実施人数については、発表時点での把握数。なお、検査件数は、476,216件。陽性者数については、中国人渡航者2人を除く。また、再感染29人、重複分5人及び患者発生届取り下げ2人については、含めていない。検査実施人数には県内において疑い例または患者の濃厚接触者として検査を行ったものについて掲載。"
2021/03/14 18:00,434861,26448,237,148,71,18,1,88,173,24,25369,556,,,,検査実施人数については、発表時点での把握数。なお、検査件数は、477293件陽性者数については、中国人渡航者2人を除く。また、再感染29人、重複分5人及び検査実施人数には県内において疑い例または吉者の渡厚接触者として検査を行ったものについて掲載。
2021/03/15,437409,26463,229,144,68,17,1,78,166,15,25414,560,,,,"検査実施人数については、発表時点での把握数。なお、検査件数は、479,930件。陽性者数については、中国人渡航者2人を除く。また、再感染29人、重複分5人及び患者発生届取り下げ2人については、含めていない。検査実施人数には県内において疑い例または患者の濃厚接触者として検査を行ったものについて掲載。"
2021/03/16,441046,26493,219,145,58,16,3,83,155,30,25441,562,,,,"検査実施人数については、発表時点での把握数。なお、検査件数は、483,665件。陽性者数については、中国人渡航者2人を除く。また、再感染29人、重複分5人及び患者発生届取り下げ2人については、含めていない。検査実施人数には県内において疑い例または患者の濃厚接触者として検査を行ったものについて掲載。"
2021/03/17,443371,26541,194,129,53,12,1,92,150,48,25493,563,,,,"検査実施人数については、発表時点での把握数。なお、検査件数は、486,088件。陽性者数については、中国人渡航者2人を除く。また、再感染29人、重複分5人及び患者発生届取り下げ2人については、含めていない。検査実施人数には県内において疑い例または患者の濃厚接触者として検査を行ったものについて掲載。"
2021/03/18 18:00,446217,26579,191,126,53,12,0,91,161,38,25533,565,,,,検査実即人数については、発表時点での把王数。なお、検相件数は、489020件骨性者数については、中国人渡航者2人を隙く。また、再感到29人、項複分5人及び検査容施人数には喝内において疑い還または捉者の油古接触者として検査を行ったものについて掲載。
2021/03/19 18:00,448190,26626,181,120,50,11,2,86,161,47,25580,569,,,,栓芝実旅人数については、発表時点での拒筐数。なお、栓立件数は、491081件了性者については、中国人渡航者2人を隙く。また、調感唄29人、罰視分5人及び枝査容軟人数には県内において友い困または下腹の温原接触者として検査を行ったものについて抱代
2021/03/20 18:00,449526,26681,178,118,50,10,1,90,162,55,25625,570,,,,検査実即人数については、発表時点での把王数。なお、検相件数は、492483件骨性者数については、中国人渡航者2人を隙く。また、再感到29人、項複分5人及び検査容施人数には喝内において疑い還または捉者の油古接触者として検査を行ったものについて掲載。
2021/03/21 18:00,450565,26715,182,118,54,10,2,85,177,34,25665,570,,,,検栓実施人数については、発表時点での把握数。なお、検将件数は、493560件同性者数については、中国人渡航者2人を隙く。また、再感始29人、倒寝分5人及び検査実縮人数には県内において和い例または上才の温屋接触才として検査を行ったものについて掲載。
2021/03/22 18:00,453222,26746,187,123,54,10,7,88,181,31,25681,571,,,,検査実較人数については、発表時和点での把握数。なお、検査件数は、496365件隔性者数については、中国人渡航者2人を除く。また、再研委29人、項接分5人及び検論実緒人数には県内において疑い例または呪者の温友接触者として検査を行ったものについて掲載。
2021/03/23,457378,26809,185,122,52,11,6,77,160,63,25746,572,,,,"検査実施人数については、発表時点での把握数。なお、検査件数は、500,648件。陽性者数については、中国人渡航者2人を除く。また、再感染29人、重複分5人及び患者発生届取り下げ2人については、含めていない。検査実施人数には県内において疑い例または患者の濃厚接触者として検査を行ったものについて掲載。"
2021/03/24 18:00,459250,26883,182,116,55,11,4,80,159,74,25812,572,,,,栓栓実施人数については、発表時点での把握数。なお、検交件数は、502630件同性者数については、中国人渡航者2人を隙く。また、再感始29人、倒寝分5人及び検査実縮人数には県内において和い例または上才の温屋接触才として検査を行ったものについて掲載。
2021/03/25,462216,26961,186,125,52,9,0,90,186,79,25847,573,,,,"検査実施人数については、発表時点での把握数。なお、検査件数は、506,084件。陽性者数については、中国人渡航者2人を除く。また、再感染30人、重複分5人及び患者発生届取り下げ2人については、含めていない。検査実施人数には県内において疑い例または患者の濃厚接触者として検査を行ったものについて掲載。"
2021/03/26 18:00,464951,27025,188,123,56,9,0,99,216,64,25885,573,,,,検実人数については、発表時点での季語数。なお、栓蘭件数は、508962介隠性者数については、中国人注航者2人を陳く。また、再感到30人、項複分5人及び検査容施人数には県内において疑い困または天才の温友接触腹として枝査を行ったものについて掲載
2021/03/27 18:00,467439,27083,189,125,55,9,0,117,225,58,25919,575,,,,検栓実施人数については、発表時点での把握数。なお、検将件数は、511558件同性者数については、中国人渡航者2人を隙く。また、再感始30人、倒寝分5人及び検査実縮人数には県内において和い例または上才の温屋接触才として検査を行ったものについて掲載。
2021/03/28 18:00,468240,27169,196,128,59,9,3,120,233,86,25956,575,,,,検実人数については、発表時点での季語数。なお、栓蘭件数は、512386伯隠性者数については、中国人注航者2人を陳く。また、再感到30人、項複分5人及び検査容施人数には県内において疑い困または天才の温友接触腹として枝査を行ったものについて掲載
2021/03/29 18:00,471624,27208,245,171,62,12,4,117,241,39,25985,577,,,,検音実施人数については、発表時点での把握数。なお、検査件数は、516184件同性者数については、中国人渡航者2人を隙く。また、再感始30人、倒寝分5人及び検査実縮人数には県内において和い例または上才の温屋接触才として検査を行ったものについて掲載。
2021/03/30 18:00,475798,27264,250,177,62,11,0,104,240,56,26034,580,,,,検査実施人数については、発表時点での把握数。なお、検査件数は、520511件陽性者数については、中国人渡航者2人を除く。また、再感染30人、重複分5人及び検査実施人数には県内において疑い例または起者の渡厚接触者として検査を行ったものについて掲載。
