更新日時,検査実施人数,陽性患者数,入院中,軽症中等症,軽症無症状,中等症,重症,入院,入院調整,自宅療養,調整,施設入所,退院,転院,死亡,備考
2020/03/16 22:00,1297,123,97,90,,,7,,,,,0,11,1,14,
2020/03/25 22:00,2285,148,102,94,,,8,,,,,0,29,0,17,
2020/03/26 22:00,2406,154,100,91,,,9,,,,,0,36,0,18,
2020/03/27 22:00,2535,157,96,88,,,8,,,,,0,42,0,19,
2020/03/28 18:00,2661,164,94,85,,,9,,,,,0,51,0,19,
2020/03/29 22:00,2661,164,94,85,,,9,,,,,0,51,0,19,
2020/03/30 20:00,2854,170,88,79,,,9,,,,,0,63,0,19,
2020/03/31 21:00,3032,178,91,82,,,9,,,,,0,68,0,19,
2020/04/01 20:00,3032,178,93,84,,,9,,,,,0,71,0,19,
2020/04/02 21:00,3254,190,97,89,,,8,,,,,0,74,0,19,
2020/04/03 21:00,3254,202,106,99,,,7,,,,,0,77,0,19,検査実施人数については4月2日現在。
2020/04/04 22:00,3367,221,124,117,,,7,,,,,0,77,1,19,
2020/04/05 21:00,3418,228,130,123,,,7,,,,,0,77,1,20,
2020/04/06 22:00,3478,239,139,132,,,7,,,,,0,78,1,21,
2020/04/07 22:00,3650,260,151,145,,,6,,,,,0,86,2,21,
2020/04/08 22:00,3838,280,168,162,,,6,,,,,0,89,2,21,
2020/04/09 22:00,3990,301,178,171,,,7,,,,,6,94,2,21,
2020/04/10 22:00,3990,315,178,172,,,6,,,,,15,98,2,22,検査実施人数については4月9日現在。
2020/04/12 23:00,4372,324,185,179,,,6,,,,,18,95,2,24,
2020/04/13 21:00,4608,333,186,181,,,5,,,,,18,103,2,24,陽性者数については、中国人渡航者を除く。また、再感染については、含めない。
2020/04/14 21:00,4814,343,189,184,,,5,,,,,22,106,2,24,陽性者数については、中国人渡航者を除く。また、再感染については、含めない。
2020/04/15 21:00,5008,354,182,178,,,4,,,,,30,117,2,24,陽性者数については、中国人渡航者を除く。また、再感染については、含めない。
2020/04/16 20:00,5175,368,188,183,,,5,,,,,33,122,2,24,陽性者数については、中国人渡航者を除く。また、再感染については、含めない。
2020/04/17 21:00,5175,378,185,180,,,5,,,,,33,135,2,24,検査実施人数については4月16日現在。陽性者数については、中国人渡航者を除く。また、再感染については、含めない。
2020/04/18 22:00,5175,393,198,193,,,5,,,,,36,135,2,25,検査実施人数については4月16日現在。陽性者数については、中国人渡航者を除く。また、再感染については、含めない。
2020/04/19 20:00,5535,403,205,200,,,5,,,,,38,136,2,25,検査実施人数については、発表時点での把握数。陽性者数については、中国人渡航者を除く。また、再感染については、含めない。
2020/04/20 20:00,5724,408,196,190,,,6,,,,,36,146,3,27,検査実施人数については、発表時点での把握数。陽性者数については、中国人渡航者を除く。また、再感染については、含めない。
2020/04/21 20:00,5848,424,195,189,,,6,,,,,42,155,3,29,検査実施人数については、発表時点での把握数。陽性者数については、中国人渡航者を除く。また、再感染については、含めない。
2020/04/22 20:00,6033,443,204,198,,,6,,,,,39,168,3,29,検査実施人数については、発表時点での把握数。陽性者数については、中国人渡航者を除く。また、再感染については、含めない。
2020/04/23 20:00,6272,455,205,199,,,6,,,,,42,176,3,29,検査実施人数については、発表時点での把握数。陽性者数については、中国人渡航者を除く。また、再感染については、含めない。
2020/04/24 20:00,6488,469,209,203,,,6,,,,,38,189,3,30,検査実施人数については、発表時点での把握数。陽性者数については、中国人渡航者を除く。また、再感染については、含めない。
2020/04/25 19:00,6679,470,203,197,,,6,,,,,39,194,3,31,検査実施人数については、発表時点での把握数。陽性者数については、中国人渡航者を除く。また、再感染については、含めない。
2020/04/26 19:00,6717,471,198,192,,,6,,,,,36,203,3,31,検査実施人数については、発表時点での把握数。陽性者数については、中国人渡航者を除く。また、再感染については、含めない。
2020/04/27 19:00,6890,471,189,183,,,6,,,,,28,220,3,31,検査実施人数については、発表時点での把握数。陽性者数については、中国人渡航者を除く。また、再感染については、含めない。
2020/04/28 19:00,7027,476,175,169,,,6,,,,,22,245,3,31,検査実施人数については、発表時点での把握数。陽性者数については、中国人渡航者を除く。また、再感染については、含めない。
2020/04/29 19:00,7157,480,169,161,,,8,,,,,23,253,3,32,検査実施人数については、発表時点での把握数。陽性者数については、中国人渡航者を除く。また、再感染については、含めない。
2020/04/30 19:00,7327,481,163,155,,,8,,,,,24,258,3,33,検査実施人数については、発表時点での把握数。陽性者数については、中国人渡航者を除く。また、再感染については、含めない。
2020/05/01 18:00,7403,484,145,137,,,8,,,,,24,279,3,33,検査実施人数については、発表時点での把握数。陽性者数については、中国人渡航者を除く。また、再感染については、含めない。
2020/05/02 18:00,7463,484,136,128,,,8,,,,,22,289,3,34,検査実施人数については、発表時点での把握数。陽性者数については、中国人渡航者2人を除く。また、再感染4人は、含めていない。
2020/05/03 18:00,7632,485,136,128,,,8,,,,,21,291,3,34,検査実施人数については、発表時点での把握数。陽性者数については、中国人渡航者2人を除く。また、再感染5人は、含めていない。
2020/05/04 18:00,7811,488,129,121,,,8,,,,,20,302,3,34,検査実施人数については、発表時点での把握数。陽性者数については、中国人渡航者2人を除く。また、再感染5人は、含めていない。
2020/05/05 18:00,7846,491,129,121,,,8,,,,,17,308,3,34,検査実施人数については、発表時点での把握数。陽性者数については、中国人渡航者2人を除く。また、再感染5人は、含めていない。
2020/05/06 18:00,7866,491,122,115,,,7,,,,,15,317,3,34,検査実施人数については、発表時点での把握数。陽性者数については、中国人渡航者2人を除く。また、再感染5人は、含めていない。
2020/05/07 18:00,7958,491,112,107,,,5,,,,,14,328,3,34,検査実施人数については、発表時点での把握数。陽性者数については、中国人渡航者2人を除く。また、再感染5人は、含めていない。
2020/05/08 18:00,8027,491,101,96,,,5,,,,,14,339,3,34,検査実施人数については、発表時点での把握数。陽性者数については、中国人渡航者2人を除く。また、再感染5人は、含めていない。
2020/05/09 18:00,8133,494,96,91,,,5,,,,,11,350,3,34,検査実施人数については、発表時点での把握数。陽性者数については、中国人渡航者2人を除く。また、再感染5人は、含めていない。
2020/05/10 18:00,8133,494,95,90,,,5,,,,,10,352,3,34,検査実施人数については、発表時点での把握数。陽性者数については、中国人渡航者2人を除く。また、再感染5人は、含めていない。
2020/05/11 18:00,8437,495,84,80,,,4,,,,,8,366,3,34,検査実施人数については、発表時点での把握数。陽性者数については、中国人渡航者2人を除く。また、再感染5人は、含めていない。
2020/05/12 18:00,8492,496,76,72,,,4,,,,,9,374,3,34,検査実施人数については、発表時点での把握数。陽性者数については、中国人渡航者2人を除く。また、再感染5人は、含めていない。
2020/05/13 18:00,8614,497,67,63,,,4,,,,,8,385,3,34,検査実施人数については、発表時点での把握数。陽性者数については、中国人渡航者2人を除く。また、再感染5人は、含めていない。
2020/05/14 18:00,8773,498,67,63,,,4,,,,,7,387,3,34,検査実施人数については、発表時点での把握数。陽性者数については、中国人渡航者2人を除く。また、再感染6人は、含めていない。
2020/05/15 18:00,8896,499,55,53,,,2,,,,,10,400,0,34,検査実施人数については、発表時点での把握数。陽性者数については、中国人渡航者2人を除く。また、再感染6人は、含めていない。
2020/05/16 18:00,8963,501,55,53,,,2,,,,,8,404,0,34,検査実施人数については、発表時点での把握数。陽性者数については、中国人渡航者2人を除く。また、再感染6人は、含めていない。
2020/05/17 18:00,8963,501,47,45,,,2,,,,,7,413,0,34,検査実施人数については、発表時点での把握数。陽性者数については、中国人渡航者2人を除く。また、再感染6人は、含めていない。
2020/05/18 18:00,9176,501,41,39,,,2,,,,,3,423,0,34,検査実施人数については、発表時点での把握数。陽性者数については、中国人渡航者2人を除く。また、再感染6人は、含めていない。
2020/05/19 18:00,9249,501,37,37,,,0,,,,,2,428,0,34,検査実施人数については、発表時点での把握数。陽性者数については、中国人渡航者2人を除く。また、再感染6人は、含めていない。
2020/05/20 18:00,9368,501,33,33,,,0,,,,,3,431,0,34,検査実施人数については、発表時点での把握数。陽性者数については、中国人渡航者2人を除く。また、再感染6人は、含めていない。
2020/05/21 18:00,9451,501,27,27,,,0,,,,,3,437,0,34,検査実施人数については、発表時点での把握数。陽性者数については、中国人渡航者2人を除く。また、再感染6人は、含めていない。
2020/05/22 18:00,9525,501,24,24,,,0,,,,,1,442,0,34,検査実施人数については、発表時点での把握数。陽性者数については、中国人渡航者2人を除く。また、再感染6人は、含めていない。
2020/05/23 18:00,9525,502,25,25,,,0,,,,,1,442,0,34,検査実施人数については、発表時点での把握数。陽性者数については、中国人渡航者2人を除く。また、再感染6人は、含めていない。
2020/05/24 18:00,9525,502,25,25,,,0,,,,,1,442,0,34,検査実施人数については、発表時点での把握数。陽性者数については、中国人渡航者2人を除く。また、再感染6人は、含めていない。
2020/05/25 18:00,9726,502,23,23,,,0,,,,,1,444,0,34,検査実施人数については、発表時点での把握数。陽性者数については、中国人渡航者2人を除く。また、再感染6人は、含めていない。
2020/05/26 18:00,9762,502,18,18,,,0,,,,,0,450,0,34,検査実施人数については、発表時点での把握数。陽性者数については、中国人渡航者2人を除く。また、再感染6人は、含めていない。
2020/05/27 18:00,9819,502,15,15,,,0,,,,,0,453,0,34,検査実施人数については、発表時点での把握数。陽性者数については、中国人渡航者2人を除く。また、再感染6人は、含めていない。
2020/05/28 18:00,9920,502,15,15,,,0,,,,,0,453,0,34,検査実施人数については、発表時点での把握数。陽性者数については、中国人渡航者2人を除く。また、再感染6人は、含めていない。
2020/05/29 18:00,9970,502,13,13,,,0,,,,,0,455,0,34,検査実施人数については、発表時点での把握数。陽性者数については、中国人渡航者2人を除く。また、再感染6人は、含めていない。
2020/05/30 18:00,9970,503,13,13,,,0,,,,,0,456,0,34,検査実施人数については、発表時点での把握数。陽性者数については、中国人渡航者2人を除く。また、再感染6人は、含めていない。
2020/05/31 18:00,9970,503,12,12,,,0,,,,,0,457,0,34,検査実施人数については、発表時点での把握数。陽性者数については、中国人渡航者2人を除く。また、再感染6人は、含めていない。
2020/06/01 18:00,10142,503,12,12,,,0,,,,,0,457,0,34,検査実施人数については、発表時点での把握数。陽性者数については、中国人渡航者2人を除く。また、再感染6人は、含めていない。
2020/06/02 18:00,10211,504,12,12,,,0,,,,,0,458,0,34,検査実施人数については、発表時点での把握数。陽性者数については、中国人渡航者2人を除く。また、再感染6人は、含めていない。
2020/06/03 18:00,10284,504,10,10,,,0,,,,,0,460,0,34,検査実施人数については、発表時点での把握数。陽性者数については、中国人渡航者2人を除く。また、再感染6人は、含めていない。
2020/06/04 18:00,10365,504,8,8,,,0,,,,,0,462,0,34,検査実施人数については、発表時点での把握数。陽性者数については、中国人渡航者2人を除く。また、再感染6人は、含めていない。
2020/06/05 18:00,10467,505,8,8,,,0,,,,,0,463,0,34,検査実施人数については、発表時点での把握数。陽性者数については、中国人渡航者2人を除く。また、再感染6人は、含めていない。
2020/06/06 18:00,10467,505,8,8,,,0,,,,,0,463,0,34,検査実施人数については、発表時点での把握数。陽性者数については、中国人渡航者2人を除く。また、再感染6人は、含めていない。
2020/06/07 18:00,10467,506,9,9,,,0,,,,,0,463,0,34,検査実施人数については、発表時点での把握数。陽性者数については、中国人渡航者2人を除く。また、再感染6人は、含めていない。
2020/06/08 18:00,10701,506,7,7,,,0,,,,,0,465,0,34,検査実施人数については、発表時点での把握数。陽性者数については、中国人渡航者2人を除く。また、再感染6人は、含めていない。
2020/06/09 18:00,10844,506,7,7,,,0,,,,,0,465,0,34,検査実施人数については、発表時点での把握数。陽性者数については、中国人渡航者2人を除く。また、再感染6人は、含めていない。
2020/06/10 18:00,10961,508,9,9,,,0,,,,,0,465,0,34,県内において疑い例または患者の濃厚接触者として検査を行ったものについて掲載（チャーター機帰国者、クルーズ船乗客、空港検疫等は含めていない）。検査実施人数は、発表時点での把握数。陽性者数は、中国人渡航者2人を除く。また、再感染6人は、含めていない。
2020/06/11 18:00,11072,508,8,8,,,0,,,,,0,466,0,34,県内において疑い例または患者の濃厚接触者として検査を行ったものについて掲載（チャーター機帰国者、クルーズ船乗客、空港検疫等は含めていない）。検査実施人数は、発表時点での把握数。陽性者数は、中国人渡航者2人を除く。また、再感染6人は、含めていない。
2020/06/12 18:00,11171,510,9,9,,,0,,,,,0,467,0,34,県内において疑い例または患者の濃厚接触者として検査を行ったものについて掲載（チャーター機帰国者、クルーズ船乗客、空港検疫等は含めていない）。検査実施人数は、発表時点での把握数。陽性者数は、中国人渡航者2人を除く。また、再感染6人は、含めていない。
2020/06/13 18:00,11171,511,10,10,,,0,,,,,0,467,0,34,県内において疑い例または患者の濃厚接触者として検査を行ったものについて掲載（チャーター機帰国者、クルーズ船乗客、空港検疫等は含めていない）。検査実施人数は、発表時点での把握数。陽性者数は、中国人渡航者2人を除く。また、再感染6人は、含めていない。
2020/06/14 18:00,11171,511,10,10,,,0,,,,,0,467,0,34,県内において疑い例または患者の濃厚接触者として検査を行ったものについて掲載（チャーター機帰国者、クルーズ船乗客、空港検疫等は含めていない）。検査実施人数は、発表時点での把握数。陽性者数は、中国人渡航者2人を除く。また、再感染6人は、含めていない。
2020/06/15 18:00,11375,511,9,9,,,0,,,,,0,468,0,34,県内において疑い例または患者の濃厚接触者として検査を行ったものについて掲載（チャーター機帰国者、クルーズ船乗客、空港検疫等は含めていない）。検査実施人数は、発表時点での把握数。陽性者数は、中国人渡航者2人と、再陽性7人は、含めていない。
2020/06/16 18:00,11433,512,8,8,,,0,,,,,0,470,0,34,県内において疑い例または患者の濃厚接触者として検査を行ったものについて掲載（チャーター機帰国者、クルーズ船乗客、空港検疫等は含めていない）。検査実施人数は、発表時点での把握数。陽性者数は、中国人渡航者2人と、再陽性7人は、含めていない。
2020/06/17 18:00,11523,515,11,11,,,0,,,,,0,470,0,34,県内において疑い例または患者の濃厚接触者として検査を行ったものについて掲載（チャーター機帰国者、クルーズ船乗客、空港検疫等は含めていない）。検査実施人数は、発表時点での把握数。陽性者数は、中国人渡航者2人と、再陽性7人は、含めていない。
2020/06/18 18:00,11614,515,10,10,,,0,,,,,0,471,0,34,県内において疑い例または患者の濃厚接触者として検査を行ったものについて掲載（チャーター機帰国者、クルーズ船乗客、空港検疫等は含めていない）。検査実施人数は、発表時点での把握数。陽性者数は、中国人渡航者2人と、再陽性7人は、含めていない。
2020/06/19 18:00,11750,516,12,12,,,0,,,,,0,470,0,34,県内において疑い例または患者の濃厚接触者として検査を行ったものについて掲載（チャーター機帰国者、クルーズ船乗客、空港検疫等は含めていない）。検査実施人数は、発表時点での把握数。陽性者数は、中国人渡航者2人と、再陽性7人は、含めていない。
2020/06/20 18:00,11750,517,13,13,,,0,,,,,0,470,0,34,県内において疑い例または患者の濃厚接触者として検査を行ったものについて掲載（チャーター機帰国者、クルーズ船乗客、空港検疫等は含めていない）。検査実施人数は、発表時点での把握数。陽性者数は、中国人渡航者2人と、再陽性7人は、含めていない。
2020/06/21 18:00,11750,517,13,13,,,0,,,,,0,470,0,34,県内において疑い例または患者の濃厚接触者として検査を行ったものについて掲載（チャーター機帰国者、クルーズ船乗客、空港検疫等は含めていない）。検査実施人数は、発表時点での把握数。陽性者数は、中国人渡航者2人と、再陽性7人は、含めていない。
2020/06/22 18:00,11940,517,12,12,,,0,,,,,0,471,0,34,県内において疑い例または患者の濃厚接触者として検査を行ったものについて掲載（チャーター機帰国者、クルーズ船乗客、空港検疫等は含めていない）。検査実施人数は、発表時点での把握数。陽性者数は、中国人渡航者2人と、再陽性7人は、含めていない。
2020/06/23 18:00,12180,517,9,9,,,0,,,,,0,474,0,34,県内において疑い例または患者の濃厚接触者として検査を行ったものについて掲載（チャーター機帰国者、クルーズ船乗客、空港検疫等は含めていない）。検査実施人数は、発表時点での把握数。陽性者数は、中国人渡航者2人と、再陽性7人は、含めていない。
2020/06/24 18:00,12288,517,9,9,,,0,,,,,0,474,0,34,県内において疑い例または患者の濃厚接触者として検査を行ったものについて掲載（チャーター機帰国者、クルーズ船乗客、空港検疫等は含めていない）。検査実施人数は、発表時点での把握数。陽性者数は、中国人渡航者2人と、再陽性7人は、含めていない。
2020/06/25 18:00,12363,517,8,8,,,0,,,,,0,475,0,34,県内において疑い例または患者の濃厚接触者として検査を行ったものについて掲載（チャーター機帰国者、クルーズ船乗客、空港検疫等は含めていない）。検査実施人数は、発表時点での把握数。陽性者数は、中国人渡航者2人と、再陽性7人は、含めていない。
2020/06/26 18:00,12445,517,7,7,,,0,,,,,0,476,0,34,県内において疑い例または患者の濃厚接触者として検査を行ったものについて掲載（チャーター機帰国者、クルーズ船乗客、空港検疫等は含めていない）。検査実施人数は、発表時点での把握数。陽性者数は、中国人渡航者2人と、再陽性7人は、含めていない。
2020/06/27 18:00,12445,517,6,6,,,0,,,,,0,477,0,34,県内において疑い例または患者の濃厚接触者として検査を行ったものについて掲載（チャーター機帰国者、クルーズ船乗客、空港検疫等は含めていない）。検査実施人数は、発表時点での把握数。陽性者数は、中国人渡航者2人と、再陽性7人は、含めていない。
2020/06/28 18:00,12445,517,6,6,,,0,,,,,0,477,0,34,県内において疑い例または患者の濃厚接触者として検査を行ったものについて掲載（チャーター機帰国者、クルーズ船乗客、空港検疫等は含めていない）。検査実施人数は、発表時点での把握数。陽性者数は、中国人渡航者2人と、再陽性7人は、含めていない。
2020/06/29 18:00,12620,518,6,6,,,0,,,,,0,478,0,34,県内において疑い例または患者の濃厚接触者として検査を行ったものについて掲載（チャーター機帰国者、クルーズ船乗客、空港検疫等は含めていない）。検査実施人数は、発表時点での把握数。陽性者数は、中国人渡航者2人と、再陽性7人は、含めていない。
2020/06/30 18:00,12734,519,7,7,,,0,,,,,0,478,0,34,県内において疑い例または患者の濃厚接触者として検査を行ったものについて掲載（チャーター機帰国者、クルーズ船乗客、空港検疫等は含めていない）。検査実施人数は、発表時点での把握数。陽性者数は、中国人渡航者2人と、再陽性7人は、含めていない。
2020/07/01 18:00,12859,519,7,7,,,0,,,,,0,478,0,34,県内において疑い例または患者の濃厚接触者として検査を行ったものについて掲載（チャーター機帰国者、クルーズ船乗客、空港検疫等は含めていない）。検査実施人数は、発表時点での把握数。陽性者数は、中国人渡航者2人と、再陽性7人は、含めていない。
2020/07/02 18:00,12918,519,7,7,,,0,,,,,0,478,0,34,県内において疑い例または患者の濃厚接触者として検査を行ったものについて掲載（チャーター機帰国者、クルーズ船乗客、空港検疫等は含めていない）。検査実施人数は、発表時点での把握数。陽性者数は、中国人渡航者2人と、再陽性7人は、含めていない。
2020/07/03 18:00,13199,519,7,7,,,0,,,,,0,478,0,34,県内において疑い例または患者の濃厚接触者として検査を行ったものについて掲載（チャーター機帰国者、クルーズ船乗客、空港検疫等は含めていない）。検査実施人数は、発表時点での把握数。陽性者数は、中国人渡航者2人と、再陽性7人は、含めていない。
2020/07/04 18:00,13199,519,5,5,,,0,,,,,0,480,0,34,県内において疑い例または患者の濃厚接触者として検査を行ったものについて掲載（チャーター機帰国者、クルーズ船乗客、空港検疫等は含めていない）。検査実施人数は、発表時点での把握数。陽性者数は、中国人渡航者2人と、再陽性7人は、含めていない。
2020/07/05 18:00,13199,519,5,5,,,0,,,,,0,480,0,34,県内において疑い例または患者の濃厚接触者として検査を行ったものについて掲載（チャーター機帰国者、クルーズ船乗客、空港検疫等は含めていない）。検査実施人数は、発表時点での把握数。陽性者数は、中国人渡航者2人と、再陽性7人は、含めていない。
2020/07/06 18:00,13413,521,7,7,,,0,,,,,0,480,0,34,県内において疑い例または患者の濃厚接触者として検査を行ったものについて掲載（チャーター機帰国者、クルーズ船乗客、空港検疫等は含めていない）。検査実施人数は、発表時点での把握数。陽性者数は、中国人渡航者2人と、再陽性7人は、含めていない。
2020/07/07 18:00,13558,521,7,7,,,0,,,,,0,480,0,34,県内において疑い例または患者の濃厚接触者として検査を行ったものについて掲載（チャーター機帰国者、クルーズ船乗客、空港検疫等は含めていない）。検査実施人数は、発表時点での把握数。陽性者数は、中国人渡航者2人と、再陽性7人は、含めていない。
2020/07/08 18:00,13693,523,8,8,,,0,,,,,0,481,0,34,県内において疑い例または患者の濃厚接触者として検査を行ったものについて掲載（チャーター機帰国者、クルーズ船乗客、空港検疫等は含めていない）。検査実施人数は、発表時点での把握数。陽性者数は、中国人渡航者2人と、再陽性7人は、含めていない。
2020/07/09 18:00,13813,523,8,8,,,0,,,,,0,481,0,34,県内において疑い例または患者の濃厚接触者として検査を行ったものについて掲載（チャーター機帰国者、クルーズ船乗客、空港検疫等は含めていない）。検査実施人数は、発表時点での把握数。陽性者数は、中国人渡航者2人と、再陽性7人は、含めていない。
2020/07/10 18:00,13977,523,7,7,,,0,,,,,0,482,0,34,県内において疑い例または患者の濃厚接触者として検査を行ったものについて掲載（チャーター機帰国者、クルーズ船乗客、空港検疫等は含めていない）。検査実施人数は、発表時点での把握数。陽性者数は、中国人渡航者2人と、再陽性7人は、含めていない。
2020/07/11 18:00,13977,525,8,8,,,0,,,,,0,483,0,34,県内において疑い例または患者の濃厚接触者として検査を行ったものについて掲載（チャーター機帰国者、クルーズ船乗客、空港検疫等は含めていない）。検査実施人数は、発表時点での把握数。陽性者数は、中国人渡航者2人と、再陽性7人は、含めていない。
2020/07/12 18:00,13977,525,8,8,,,0,,,,,0,483,0,34,県内において疑い例または患者の濃厚接触者として検査を行ったものについて掲載（チャーター機帰国者、クルーズ船乗客、空港検疫等は含めていない）。検査実施人数は、発表時点での把握数。陽性者数は、中国人渡航者2人と、再陽性7人は、含めていない。
2020/07/13 18:00,14450,527,10,10,,,0,,,,,0,483,0,34,県内において疑い例または患者の濃厚接触者として検査を行ったものについて掲載（チャーター機帰国者、クルーズ船乗客、空港検疫等は含めていない）。検査実施人数は、発表時点での把握数。陽性者数は、中国人渡航者2人と、再陽性7人は、含めていない。
2020/07/14 20:00,14487,532,15,15,,,0,,,,,0,483,0,34,県内において疑い例または患者の濃厚接触者として検査を行ったものについて掲載（チャーター機帰国者、クルーズ船乗客、空港検疫等は含めていない）。検査実施人数は、発表時点での把握数。陽性者数は、中国人渡航者2人と、再陽性7人は、含めていない。
2020/07/15 18:00,14633,548,29,29,,,0,,,,,0,485,0,34,県内において疑い例または患者の濃厚接触者として検査を行ったものについて掲載（チャーター機帰国者、クルーズ船乗客、空港検疫等は含めていない）。検査実施人数は、発表時点での把握数。陽性者数は、中国人渡航者2人と、再陽性7人は、含めていない。
2020/07/16 18:00,14781,569,49,49,,,0,,,,,0,486,0,34,県内において疑い例または患者の濃厚接触者として検査を行ったものについて掲載（チャーター機帰国者、クルーズ船乗客、空港検疫等は含めていない）。検査実施人数は、発表時点での把握数。陽性者数は、中国人渡航者2人と、再陽性7人は、含めていない。
2020/07/17 20:00,15158,588,68,68,,,0,,,,,0,486,0,34,県内において疑い例または患者の濃厚接触者として検査を行ったものについて掲載（チャーター機帰国者、クルーズ船乗客、空港検疫等は含めていない）。検査実施人数は、発表時点での把握数。陽性者数は、中国人渡航者2人と、再陽性7人は、含めていない。
2020/07/18 20:00,15158,613,90,90,,,0,,,,,0,489,0,34,県内において疑い例または患者の濃厚接触者として検査を行ったものについて掲載（チャーター機帰国者、クルーズ船乗客、空港検疫等は含めていない）。検査実施人数は、発表時点での把握数。陽性者数は、中国人渡航者2人と、再陽性7人は、含めていない。
2020/07/19 19:00,15158,634,111,111,,,0,,,,,0,489,0,34,県内において疑い例または患者の濃厚接触者として検査を行ったものについて掲載（チャーター機帰国者、クルーズ船乗客、空港検疫等は含めていない）。検査実施人数は、発表時点での把握数。陽性者数は、中国人渡航者2人と、再陽性7人は、含めていない。
2020/07/20 19:00,16041,655,130,130,,,0,,,,,0,491,0,34,県内において疑い例または患者の濃厚接触者として検査を行ったものについて掲載（チャーター機帰国者、クルーズ船乗客、空港検疫等は含めていない）。検査実施人数は、発表時点での把握数。陽性者数は、中国人渡航者2人と、再陽性7人は、含めていない。
2020/07/21 20:00,16262,708,181,181,,,0,,,,,0,493,0,34,県内において疑い例または患者の濃厚接触者として検査を行ったものについて掲載（チャーター機帰国者、クルーズ船乗客、空港検疫等は含めていない）。検査実施人数は、発表時点での把握数。陽性者数は、中国人渡航者2人と、再陽性7人は、含めていない。
2020/07/22 20:00,16828,772,241,240,,,1,,,,,0,496,0,35,県内において疑い例または患者の濃厚接触者として検査を行ったものについて掲載（チャーター機帰国者、クルーズ船乗客、空港検疫等は含めていない）。検査実施人数は、発表時点での把握数。陽性者数は、中国人渡航者2人と、再陽性7人は、含めていない。
2020/07/23 20:00,16828,869,336,334,,,2,,,,,0,498,0,35,県内において疑い例または患者の濃厚接触者として検査を行ったものについて掲載（チャーター機帰国者、クルーズ船乗客、空港検疫等は含めていない）。検査実施人数は、発表時点での把握数。陽性者数は、中国人渡航者2人と、再陽性7人は、含めていない。
2020/07/24 20:00,16828,932,392,,377,13,2,,,,,0,505,0,35,県内において疑い例または患者の濃厚接触者として検査を行ったものについて掲載（チャーター機帰国者、クルーズ船乗客、空港検疫等は含めていない）。検査実施人数は、発表時点での把握数。陽性者数は、中国人渡航者2人と、再陽性7人は、含めていない。
2020/07/25 20:00,16828,1010,469,,451,16,2,,,,,0,506,0,35,県内において疑い例または患者の濃厚接触者として検査を行ったものについて掲載（チャーター機帰国者、クルーズ船乗客、空港検疫等は含めていない）。検査実施人数は、発表時点での把握数。陽性者数は、中国人渡航者2人と、再陽性7人は、含めていない。
2020/07/26 19:00,16828,1090,544,,522,20,2,,,,,0,511,0,35,県内において疑い例または患者の濃厚接触者として検査を行ったものについて掲載（チャーター機帰国者、クルーズ船乗客、空港検疫等は含めていない）。検査実施人数は、発表時点での把握数。陽性者数は、中国人渡航者2人と、再陽性7人は、含めていない。
2020/07/27 20:00,19918,1166,608,,584,22,2,,,,,0,523,0,35,県内において疑い例または患者の濃厚接触者として検査を行ったものについて掲載（チャーター機帰国者、クルーズ船乗客、空港検疫等は含めていない）。検査実施人数は、発表時点での把握数。陽性者数は、中国人渡航者2人と、再陽性7人は、含めていない。
2020/07/28 20:00,20356,1276,707,,678,27,2,195,46,356,110,5,529,0,35,入院等の内訳：入院195人、入院調整46人、自宅療養356人、調整110人。陽性者数は、中国人渡航者2人と、再陽性7人は、含めていない。県内において疑い例または患者の濃厚接触者として検査を行ったものについて掲載（チャーター機帰国者、クルーズ船乗客、空港検疫等は含めていない）。検査実施人数は、発表時点での把握数。
2020/07/29 20:00,21258,1443,844,,797,45,2,202,39,436,167,13,551,0,35,入院等の内訳：入院202人、入院調整39人、自宅療養436人、調整167人。陽性者数は、中国人渡航者2人と、再陽性7人は、含めていない。県内において疑い例または患者の濃厚接触者として検査を行ったものについて掲載（チャーター機帰国者、クルーズ船乗客、空港検疫等は含めていない）。検査実施人数は、発表時点での把握数。
2020/07/30 21:00,22156,1603,998,,945,51,2,204,56,578,160,17,553,0,35,入院等の内訳：入院204人、入院調整56人、自宅療養578人、調整160人。陽性者数は、中国人渡航者2人と、再陽性7人は、含めていない。県内において疑い例または患者の濃厚接触者として検査を行ったものについて掲載（チャーター機帰国者、クルーズ船乗客、空港検疫等は含めていない）。検査実施人数は、発表時点での把握数。
2020/07/31 21:00,22910,1796,1156,,1096,56,4,198,54,711,193,27,578,0,35,入院等の内訳：入院198人、入院調整54人、自宅療養711人、調整193人。陽性者数は、中国人渡航者2人と、再陽性7人は、含めていない。県内において疑い例または患者の濃厚接触者として検査を行ったものについて掲載（チャーター機帰国者、クルーズ船乗客、空港検疫等は含めていない）。検査実施人数は、発表時点での把握数。
2020/08/01 21:00,22910,1977,1305,,1241,60,4,196,44,884,181,34,603,0,35,入院等の内訳：入院196人、入院調整44人、自宅療養884人、調整181人。陽性者数は、中国人渡航者2人と、再陽性7人は、含めていない。県内において疑い例または患者の濃厚接触者として検査を行ったものについて掲載（チャーター機帰国者、クルーズ船乗客、空港検疫等は含めていない）。検査実施人数は、発表時点での把握数。
2020/08/02 21:00,22910,2137,1439,,1370,64,5,243,38,998,160,43,620,0,35,入院等の内訳：入院243人、入院調整38人、自宅療養998人、調整160人。陽性者数は、中国人渡航者2人と、再陽性7人は、含めていない。県内において疑い例または患者の濃厚接触者として検査を行ったものについて掲載（チャーター機帰国者、クルーズ船乗客、空港検疫等は含めていない）。検査実施人数は、発表時点での把握数。
2020/08/03 21:00,25979,2262,1516,,1441,70,5,246,48,1097,125,44,667,0,35,入院等の内訳：入院246人、入院調整48人、自宅療養1097人、調整125人。陽性者数は、中国人渡航者2人と、再陽性7人は、含めていない。県内において疑い例または患者の濃厚接触者として検査を行ったものについて掲載（チャーター機帰国者、クルーズ船乗客、空港検疫等は含めていない）。検査実施人数は、発表時点での把握数。
2020/08/04 21:00,26790,2382,1517,,1435,75,7,258,49,1090,120,47,783,0,35,入院等の内訳：入院258人、入院調整49人、自宅療養1090人、調整120人。陽性者数は、中国人渡航者2人と、再陽性7人は、含めていない。県内において疑い例または患者の濃厚接触者として検査を行ったものについて掲載（チャーター機帰国者、クルーズ船乗客、空港検疫等は含めていない）。検査実施人数は、発表時点での把握数。
2020/08/05 21:00,27736,2529,1522,,1428,87,7,237,63,1075,147,53,917,0,37,入院等の内訳：入院237人、入院調整63人、自宅療養1075人、調整147人。陽性者数は、中国人渡航者2人と、再陽性7人は、含めていない。県内において疑い例または患者の濃厚接触者として検査を行ったものについて掲載（チャーター機帰国者、クルーズ船乗客、空港検疫等は含めていない）。検査実施人数は、発表時点での把握数。
2020/08/06 21:00,29046,2669,1544,,1443,95,6,253,64,1087,140,48,1040,0,37,入院等の内訳：入院253人、入院調整64人、自宅療養1087人、調整140人。陽性者数は、中国人渡航者2人と、再陽性7人は、含めていない。県内において疑い例または患者の濃厚接触者として検査を行ったものについて掲載（チャーター機帰国者、クルーズ船乗客、空港検疫等は含めていない）。検査実施人数は、発表時点での把握数。
2020/08/07 21:00,29908,2827,1587,,1481,99,7,254,79,1096,158,50,1153,0,37,入院等の内訳：入院254人、入院調整79人、自宅療養1096人、調整158人。陽性者数は、中国人渡航者2人と、再陽性7人は、含めていない。県内において疑い例または患者の濃厚接触者として検査を行ったものについて掲載（チャーター機帰国者、クルーズ船乗客、空港検疫等は含めていない）。検査実施人数は、発表時点での把握数。
2020/08/08 21:00,29908,3004,1739,,1620,111,8,255,86,1221,177,43,1185,0,37,入院等の内訳：入院255人、入院調整86人、自宅療養1221人、調整177人。陽性者数は、中国人渡航者2人と、再陽性7人は、含めていない。県内において疑い例または患者の濃厚接触者として検査を行ったものについて掲載（チャーター機帰国者、クルーズ船乗客、空港検疫等は含めていない）。検査実施人数は、発表時点での把握数。
2020/08/09 21:00,29908,3133,1809,,1681,119,9,289,110,1282,128,46,1241,0,37,入院等の内訳：入院289人、入院調整110人、自宅療養1282人、調整128人。陽性者数は、中国人渡航者2人と、再陽性7人は、含めていない。県内において疑い例または患者の濃厚接触者として検査を行ったものについて掲載（チャーター機帰国者、クルーズ船乗客、空港検疫等は含めていない）。検査実施人数は、発表時点での把握数。
2020/08/10 21:00,29908,3234,1803,,1666,127,10,300,92,1310,101,49,1345,0,37,入院等の内訳：入院300人、入院調整92人、自宅療養1310人、調整101人。陽性者数は、中国人渡航者2人と、再陽性7人は、含めていない。県内において疑い例または患者の濃厚接触者として検査を行ったものについて掲載（チャーター機帰国者、クルーズ船乗客、空港検疫等は含めていない）。検査実施人数は、発表時点での把握数。
2020/08/11 20:00,34011,3301,1699,,1555,130,14,318,75,1239,67,47,1518,0,37,入院等の内訳：入院318人、入院調整75人、自宅療養1239人、調整67人。陽性者数は、中国人渡航者2人と、再陽性7人は、含めていない。県内において疑い例または患者の濃厚接触者として検査を行ったものについて掲載（チャーター機帰国者、クルーズ船乗客、空港検疫等は含めていない）。検査実施人数は、発表時点での把握数。
2020/08/12 20:00,34291,3387,1600,,1529,58,13,325,72,1117,86,54,1695,0,38,入院等の内訳：入院325人、入院調整72人、自宅療養1117人、調整86人。陽性者数は、中国人渡航者2人と、再陽性7人は、含めていない。県内において疑い例または患者の濃厚接触者として検査を行ったものについて掲載（チャーター機帰国者、クルーズ船乗客、空港検疫等は含めていない）。検査実施人数は、発表時点での把握数。